time (s),getData("/net03" ?result "tran") tp 1e-11  (V),time (s),getData("/net03" ?result "tran") tp 1.01e-09  (V),time (s),getData("/net03" ?result "tran") tp 2.01e-09  (V),time (s),getData("/net03" ?result "tran") tp 3.01e-09  (V),time (s),getData("/net03" ?result "tran") tp 4.01e-09  (V),time (s),getData("/net03" ?result "tran") tp 5.01e-09  (V),time (s),getData("/net03" ?result "tran") tp 6.01e-09  (V),time (s),getData("/net03" ?result "tran") tp 7.01e-09  (V),time (s),getData("/net03" ?result "tran") tp 8.01e-09  (V),time (s),getData("/net03" ?result "tran") tp 9.01e-09  (V),time (s),getData("/net03" ?result "tran") tp 1.001e-08  (V)
0.000,0.000,0.000,0.000,0.000,0.000,0.000,0.000,0.000,0.000,0.000,0.000,0.000,0.000,0.000,0.000,0.000,0.000,0.000,0.000,0.000,0.000
80.00E-12,0.000,80.00E-12,0.000,80.00E-12,0.000,80.00E-12,0.000,80.00E-12,0.000,80.00E-12,0.000,80.00E-12,0.000,80.00E-12,0.000,80.00E-12,0.000,80.00E-12,0.000,80.00E-12,0.000
240.0E-12,0.000,240.0E-12,0.000,240.0E-12,0.000,240.0E-12,0.000,240.0E-12,0.000,240.0E-12,0.000,240.0E-12,0.000,240.0E-12,0.000,240.0E-12,0.000,240.0E-12,0.000,240.0E-12,0.000
560.0E-12,0.000,560.0E-12,0.000,560.0E-12,0.000,560.0E-12,0.000,560.0E-12,0.000,560.0E-12,0.000,560.0E-12,0.000,560.0E-12,0.000,560.0E-12,0.000,560.0E-12,0.000,560.0E-12,0.000
1.200E-9,0.000,1.200E-9,0.000,1.200E-9,0.000,1.200E-9,0.000,1.200E-9,0.000,1.200E-9,0.000,1.200E-9,0.000,1.200E-9,0.000,1.200E-9,0.000,1.200E-9,0.000,1.200E-9,0.000
2.480E-9,0.000,2.480E-9,0.000,2.480E-9,0.000,2.480E-9,0.000,2.480E-9,0.000,2.480E-9,0.000,2.480E-9,0.000,2.480E-9,0.000,2.480E-9,0.000,2.480E-9,0.000,2.480E-9,0.000
3.740E-9,0.000,3.740E-9,0.000,3.740E-9,0.000,3.740E-9,0.000,3.740E-9,0.000,3.740E-9,0.000,3.740E-9,0.000,3.740E-9,0.000,3.740E-9,0.000,3.740E-9,0.000,3.740E-9,0.000
5.000E-9,0.000,5.000E-9,0.000,5.000E-9,0.000,5.000E-9,0.000,5.000E-9,0.000,5.000E-9,0.000,5.000E-9,0.000,5.000E-9,0.000,5.000E-9,0.000,5.000E-9,0.000,5.000E-9,0.000
5.006E-9,703.1E-3,5.072E-9,86.04E-3,5.102E-9,60.96E-3,5.131E-9,52.21E-3,5.151E-9,45.24E-3,5.222E-9,53.12E-3,5.243E-9,48.50E-3,5.262E-9,44.91E-3,5.280E-9,42.01E-3,5.297E-9,39.61E-3,5.313E-9,37.58E-3
5.010E-9,1.200,5.181E-9,214.8E-3,5.274E-9,163.3E-3,5.362E-9,144.5E-3,5.431E-9,129.1E-3,5.587E-9,140.7E-3,5.634E-9,126.7E-3,5.677E-9,115.9E-3,5.717E-9,107.4E-3,5.754E-9,100.4E-3,5.789E-9,94.54E-3
5.010E-9,1.200,5.273E-9,324.7E-3,5.490E-9,292.3E-3,5.616E-9,245.6E-3,5.716E-9,214.2E-3,5.908E-9,217.5E-3,5.979E-9,195.6E-3,6.045E-9,178.8E-3,6.105E-9,165.6E-3,6.162E-9,154.7E-3,6.215E-9,145.7E-3
5.011E-9,1.200,5.373E-9,443.7E-3,5.683E-9,408.0E-3,5.906E-9,361.4E-3,6.111E-9,332.6E-3,6.388E-9,332.3E-3,6.569E-9,313.3E-3,6.726E-9,295.4E-3,6.820E-9,272.7E-3,6.910E-9,254.4E-3,6.996E-9,239.3E-3
5.012E-9,1.200,5.429E-9,509.4E-3,5.795E-9,474.6E-3,6.198E-9,477.7E-3,6.488E-9,445.4E-3,6.859E-9,445.3E-3,7.121E-9,423.5E-3,7.360E-9,404.1E-3,7.538E-9,380.2E-3,7.714E-9,361.4E-3,7.889E-9,346.4E-3
5.014E-9,1.200,5.472E-9,560.5E-3,5.867E-9,517.9E-3,6.308E-9,521.4E-3,6.638E-9,490.0E-3,7.038E-9,488.1E-3,7.352E-9,469.6E-3,7.667E-9,456.5E-3,7.981E-9,446.5E-3,8.319E-9,442.0E-3,8.852E-9,461.8E-3
5.017E-9,1.200,5.518E-9,614.9E-3,5.956E-9,570.8E-3,6.444E-9,575.8E-3,6.751E-9,524.0E-3,7.174E-9,520.6E-3,7.518E-9,502.7E-3,7.868E-9,491.0E-3,8.225E-9,483.1E-3,8.603E-9,479.9E-3,9.159E-9,498.5E-3
5.024E-9,1.200,5.562E-9,668.1E-3,6.023E-9,611.0E-3,6.540E-9,613.8E-3,6.878E-9,561.9E-3,7.326E-9,557.2E-3,7.725E-9,544.2E-3,8.038E-9,520.1E-3,8.421E-9,512.5E-3,8.823E-9,509.2E-3,9.405E-9,528.1E-3
5.037E-9,1.200,5.591E-9,701.6E-3,6.064E-9,635.1E-3,6.600E-9,638.1E-3,6.999E-9,598.3E-3,7.472E-9,592.0E-3,7.880E-9,575.1E-3,8.216E-9,550.5E-3,8.640E-9,545.4E-3,9.078E-9,543.1E-3,9.659E-9,558.6E-3
5.047E-9,1.200,5.615E-9,730.3E-3,6.130E-9,674.3E-3,6.676E-9,668.0E-3,7.090E-9,625.4E-3,7.622E-9,627.9E-3,7.976E-9,594.2E-3,8.413E-9,584.3E-3,8.838E-9,575.0E-3,9.294E-9,571.8E-3,9.808E-9,576.4E-3
5.056E-9,1.200,5.641E-9,761.3E-3,6.176E-9,702.3E-3,6.732E-9,690.4E-3,7.184E-9,653.7E-3,7.730E-9,653.9E-3,8.111E-9,621.2E-3,8.587E-9,614.0E-3,9.052E-9,607.0E-3,9.537E-9,604.3E-3,10.01E-9,601.2E-3
5.069E-9,1.200,5.663E-9,787.8E-3,6.217E-9,726.6E-3,6.792E-9,714.3E-3,7.259E-9,676.0E-3,7.822E-9,676.0E-3,8.231E-9,645.2E-3,8.733E-9,639.0E-3,9.214E-9,631.3E-3,9.717E-9,628.2E-3,10.21E-9,624.5E-3
5.079E-9,1.200,5.687E-9,816.0E-3,6.266E-9,755.7E-3,6.863E-9,742.7E-3,7.334E-9,698.5E-3,7.925E-9,700.5E-3,8.336E-9,666.1E-3,8.860E-9,660.7E-3,9.365E-9,653.9E-3,9.888E-9,651.0E-3,10.39E-9,646.7E-3
5.088E-9,1.200,5.712E-9,846.4E-3,6.306E-9,779.9E-3,6.920E-9,765.6E-3,7.429E-9,726.8E-3,8.013E-9,721.8E-3,8.458E-9,690.5E-3,8.993E-9,683.5E-3,9.507E-9,675.3E-3,10.05E-9,672.2E-3,10.57E-9,668.0E-3
5.098E-9,1.200,5.739E-9,878.5E-3,6.353E-9,807.7E-3,7.002E-9,798.3E-3,7.502E-9,748.7E-3,8.114E-9,745.9E-3,8.567E-9,712.3E-3,9.125E-9,706.1E-3,9.675E-9,700.4E-3,10.24E-9,697.5E-3,10.80E-9,695.5E-3
5.112E-9,1.200,5.774E-9,919.8E-3,6.420E-9,847.9E-3,7.161E-9,861.5E-3,7.612E-9,781.5E-3,8.300E-9,790.3E-3,8.683E-9,735.3E-3,9.254E-9,728.3E-3,9.817E-9,721.7E-3,10.40E-9,718.8E-3,10.98E-9,716.7E-3
5.130E-9,1.200,5.825E-9,980.1E-3,6.544E-9,921.9E-3,7.341E-9,933.4E-3,7.823E-9,844.9E-3,8.534E-9,846.4E-3,8.881E-9,775.0E-3,9.489E-9,768.5E-3,10.05E-9,756.3E-3,10.66E-9,753.4E-3,11.26E-9,749.9E-3
5.157E-9,1.200,5.904E-9,1.074,6.698E-9,1.014,7.597E-9,1.035,8.045E-9,911.1E-3,8.841E-9,919.9E-3,9.151E-9,828.8E-3,9.783E-9,818.8E-3,10.41E-9,810.4E-3,11.05E-9,805.9E-3,11.70E-9,803.6E-3
5.198E-9,1.200,5.957E-9,1.137,6.854E-9,1.107,7.804E-9,1.118,8.363E-9,1.006,9.237E-9,1.015,9.490E-9,896.5E-3,10.17E-9,884.9E-3,10.80E-9,869.4E-3,11.49E-9,864.0E-3,12.17E-9,859.1E-3
5.276E-9,1.200,6.010E-9,1.200,7.010E-9,1.200,8.010E-9,1.200,8.741E-9,1.120,9.624E-9,1.107,9.936E-9,985.6E-3,10.66E-9,969.4E-3,11.36E-9,952.3E-3,12.10E-9,945.5E-3,12.85E-9,941.5E-3
5.431E-9,1.200,6.026E-9,1.200,7.061E-9,1.200,8.086E-9,1.200,9.010E-9,1.200,10.01E-9,1.200,10.50E-9,1.099,11.32E-9,1.082,12.06E-9,1.058,12.88E-9,1.050,13.71E-9,1.044
5.741E-9,1.200,6.054E-9,1.200,7.133E-9,1.200,8.186E-9,1.200,9.110E-9,1.200,10.14E-9,1.200,11.01E-9,1.200,11.66E-9,1.141,12.54E-9,1.129,13.45E-9,1.125,14.36E-9,1.122
6.362E-9,1.200,6.079E-9,1.200,7.198E-9,1.200,8.278E-9,1.200,9.248E-9,1.200,10.32E-9,1.200,11.16E-9,1.200,12.01E-9,1.200,13.01E-9,1.200,14.01E-9,1.200,15.01E-9,1.200
7.603E-9,1.200,6.130E-9,1.200,7.328E-9,1.200,8.462E-9,1.200,9.370E-9,1.200,10.48E-9,1.200,11.39E-9,1.200,12.12E-9,1.200,13.15E-9,1.200,14.17E-9,1.200,15.19E-9,1.200
9.203E-9,1.200,6.230E-9,1.200,7.590E-9,1.200,8.830E-9,1.200,9.613E-9,1.200,10.80E-9,1.200,11.60E-9,1.200,12.30E-9,1.200,13.38E-9,1.200,14.44E-9,1.200,15.50E-9,1.200
10.80E-9,1.200,6.432E-9,1.200,8.112E-9,1.200,9.567E-9,1.200,10.10E-9,1.200,11.45E-9,1.200,12.00E-9,1.200,12.47E-9,1.200,13.59E-9,1.200,14.69E-9,1.200,15.78E-9,1.200
12.40E-9,1.200,6.834E-9,1.200,9.157E-9,1.200,11.04E-9,1.200,11.07E-9,1.200,12.75E-9,1.200,12.82E-9,1.200,12.81E-9,1.200,14.02E-9,1.200,15.18E-9,1.200,16.35E-9,1.200
13.66E-9,1.200,7.639E-9,1.200,10.76E-9,1.200,12.64E-9,1.200,12.67E-9,1.200,14.35E-9,1.200,14.42E-9,1.200,13.49E-9,1.200,14.88E-9,1.200,16.18E-9,1.200,17.48E-9,1.200
14.91E-9,1.200,9.239E-9,1.200,12.36E-9,1.200,14.24E-9,1.200,14.27E-9,1.200,15.95E-9,1.200,16.02E-9,1.200,14.85E-9,1.200,16.48E-9,1.200,17.78E-9,1.200,19.08E-9,1.200
14.92E-9,496.8E-3,10.84E-9,1.200,13.96E-9,1.200,15.84E-9,1.200,15.87E-9,1.200,17.55E-9,1.200,17.62E-9,1.200,16.45E-9,1.200,18.08E-9,1.200,19.38E-9,1.200,20.68E-9,1.200
14.92E-9,0.000,12.44E-9,1.200,15.56E-9,1.200,16.88E-9,1.200,17.47E-9,1.200,18.73E-9,1.200,19.22E-9,1.200,18.05E-9,1.200,19.68E-9,1.200,20.98E-9,1.200,22.28E-9,1.200
14.92E-9,0.000,14.04E-9,1.200,16.91E-9,1.200,17.91E-9,1.200,18.91E-9,1.200,19.91E-9,1.200,20.06E-9,1.200,19.65E-9,1.200,21.28E-9,1.200,22.58E-9,1.200,23.59E-9,1.200
14.92E-9,0.000,14.97E-9,1.200,17.02E-9,1.137,18.03E-9,1.151,19.11E-9,1.139,20.13E-9,1.148,20.91E-9,1.200,20.78E-9,1.200,22.10E-9,1.200,23.91E-9,1.200,24.91E-9,1.200
14.92E-9,0.000,15.91E-9,1.200,17.19E-9,1.033,18.25E-9,1.064,19.46E-9,1.036,20.48E-9,1.064,21.06E-9,1.170,21.91E-9,1.200,22.91E-9,1.200,24.21E-9,1.160,25.23E-9,1.162
14.92E-9,0.000,15.97E-9,1.124,17.42E-9,898.0E-3,18.48E-9,973.5E-3,19.77E-9,941.8E-3,20.79E-9,989.6E-3,21.36E-9,1.111,22.17E-9,1.156,23.08E-9,1.174,24.70E-9,1.095,25.71E-9,1.104
14.93E-9,0.000,16.07E-9,1.005,17.68E-9,740.5E-3,18.78E-9,852.3E-3,20.33E-9,775.5E-3,21.41E-9,841.8E-3,21.62E-9,1.058,22.56E-9,1.090,23.41E-9,1.126,25.12E-9,1.039,26.15E-9,1.051
14.93E-9,0.000,16.21E-9,840.2E-3,17.88E-9,620.0E-3,19.09E-9,728.2E-3,20.72E-9,657.0E-3,21.92E-9,718.7E-3,22.15E-9,952.5E-3,22.90E-9,1.030,23.70E-9,1.082,25.96E-9,927.1E-3,27.02E-9,946.6E-3
14.95E-9,0.000,16.34E-9,693.6E-3,17.97E-9,570.1E-3,19.29E-9,649.8E-3,20.88E-9,610.8E-3,22.20E-9,650.9E-3,22.95E-9,792.7E-3,23.59E-9,911.8E-3,24.28E-9,994.4E-3,27.03E-9,785.0E-3,28.28E-9,795.8E-3
14.96E-9,0.000,16.41E-9,611.6E-3,18.06E-9,512.0E-3,19.40E-9,606.4E-3,21.00E-9,576.0E-3,22.36E-9,612.4E-3,23.54E-9,675.2E-3,24.39E-9,774.9E-3,25.09E-9,873.1E-3,27.89E-9,669.3E-3,29.25E-9,679.5E-3
14.97E-9,0.000,16.45E-9,556.9E-3,18.13E-9,469.1E-3,19.49E-9,569.1E-3,21.12E-9,538.3E-3,22.50E-9,579.7E-3,23.77E-9,628.2E-3,25.07E-9,659.1E-3,25.91E-9,749.9E-3,28.21E-9,626.7E-3,29.63E-9,634.5E-3
14.98E-9,0.000,16.50E-9,496.1E-3,18.18E-9,443.5E-3,19.59E-9,531.4E-3,21.25E-9,498.7E-3,22.64E-9,546.0E-3,23.94E-9,595.4E-3,25.31E-9,617.3E-3,26.69E-9,634.0E-3,28.44E-9,596.0E-3,29.89E-9,603.4E-3
14.99E-9,0.000,16.55E-9,444.6E-3,18.21E-9,421.4E-3,19.69E-9,488.7E-3,21.37E-9,463.5E-3,22.80E-9,508.1E-3,24.13E-9,556.7E-3,25.50E-9,585.9E-3,26.94E-9,595.9E-3,28.71E-9,560.5E-3,30.20E-9,565.6E-3
15.00E-9,0.000,16.57E-9,418.7E-3,18.25E-9,398.5E-3,19.79E-9,450.1E-3,21.46E-9,436.8E-3,22.94E-9,475.1E-3,24.30E-9,523.9E-3,25.70E-9,551.5E-3,27.16E-9,563.3E-3,28.95E-9,528.7E-3,30.45E-9,535.7E-3
15.01E-9,0.000,16.59E-9,391.0E-3,18.29E-9,375.6E-3,19.86E-9,422.1E-3,21.53E-9,415.3E-3,23.05E-9,448.8E-3,24.42E-9,499.8E-3,25.91E-9,514.6E-3,27.37E-9,532.0E-3,29.21E-9,494.7E-3,30.64E-9,513.2E-3
15.03E-9,0.000,16.62E-9,358.0E-3,18.34E-9,346.5E-3,19.92E-9,399.5E-3,21.60E-9,396.0E-3,23.13E-9,427.8E-3,24.55E-9,472.6E-3,26.10E-9,483.4E-3,27.61E-9,496.2E-3,29.39E-9,470.2E-3,30.84E-9,488.6E-3
15.04E-9,0.000,16.64E-9,332.6E-3,18.38E-9,322.7E-3,19.97E-9,379.2E-3,21.66E-9,376.1E-3,23.25E-9,399.5E-3,24.66E-9,450.3E-3,26.24E-9,458.5E-3,27.78E-9,470.8E-3,29.55E-9,449.0E-3,31.04E-9,465.5E-3
15.07E-9,0.000,16.67E-9,299.7E-3,18.43E-9,291.6E-3,20.02E-9,358.3E-3,21.75E-9,349.0E-3,23.34E-9,379.3E-3,24.77E-9,430.0E-3,26.36E-9,438.1E-3,27.92E-9,448.9E-3,29.72E-9,425.9E-3,31.20E-9,446.2E-3
15.10E-9,0.000,16.70E-9,266.8E-3,18.51E-9,245.0E-3,20.09E-9,330.2E-3,21.92E-9,298.6E-3,23.45E-9,351.9E-3,24.85E-9,412.6E-3,26.47E-9,419.0E-3,28.07E-9,427.3E-3,29.87E-9,405.9E-3,31.34E-9,428.8E-3
15.15E-9,0.000,16.72E-9,234.8E-3,18.63E-9,170.5E-3,20.22E-9,280.7E-3,22.12E-9,239.1E-3,23.66E-9,301.8E-3,24.95E-9,393.5E-3,26.59E-9,399.7E-3,28.21E-9,406.0E-3,30.05E-9,382.3E-3,31.50E-9,409.9E-3
15.25E-9,0.000,16.76E-9,195.7E-3,18.78E-9,85.26E-3,20.38E-9,216.3E-3,22.40E-9,154.3E-3,23.91E-9,242.4E-3,25.09E-9,364.8E-3,26.74E-9,374.0E-3,28.36E-9,384.3E-3,30.40E-9,335.0E-3,31.73E-9,382.1E-3
15.45E-9,0.000,16.80E-9,139.8E-3,18.92E-9,1.110E-15,20.61E-9,124.0E-3,22.66E-9,77.15E-3,24.27E-9,155.2E-3,25.33E-9,316.6E-3,27.04E-9,322.7E-3,28.64E-9,340.8E-3,30.77E-9,286.9E-3,32.09E-9,339.5E-3
15.86E-9,0.000,16.86E-9,69.92E-3,18.97E-9,0.000,20.76E-9,62.02E-3,22.92E-9,666.1E-18,24.60E-9,77.62E-3,25.61E-9,260.8E-3,27.33E-9,271.8E-3,28.96E-9,293.1E-3,31.31E-9,214.0E-3,32.50E-9,289.7E-3
16.66E-9,0.000,16.92E-9,0.000,19.03E-9,0.000,20.92E-9,0.000,23.01E-9,0.000,24.92E-9,888.2E-18,26.00E-9,183.8E-3,27.78E-9,194.4E-3,29.43E-9,223.6E-3,31.97E-9,127.0E-3,33.08E-9,220.2E-3
18.26E-9,0.000,16.94E-9,0.000,19.10E-9,0.000,20.99E-9,0.000,23.14E-9,0.000,25.00E-9,0.000,26.50E-9,83.02E-3,28.32E-9,102.0E-3,30.00E-9,138.3E-3,32.92E-9,440.7E-18,33.82E-9,131.5E-3
19.86E-9,0.000,16.97E-9,0.000,19.22E-9,0.000,21.07E-9,0.000,23.26E-9,0.000,25.06E-9,15.14E-3,26.92E-9,660.6E-18,28.92E-9,444.1E-18,30.46E-9,69.13E-3,33.09E-9,22.01E-3,34.37E-9,65.77E-3
21.46E-9,0.000,17.00E-9,0.000,19.47E-9,0.000,21.15E-9,0.000,23.49E-9,0.000,25.17E-9,40.93E-3,27.02E-9,19.85E-3,29.04E-9,20.74E-3,30.92E-9,495.7E-18,33.36E-9,59.01E-3,34.92E-9,0.000
23.06E-9,0.000,17.06E-9,0.000,19.96E-9,0.000,21.31E-9,0.000,23.96E-9,0.000,25.25E-9,59.05E-3,27.18E-9,50.99E-3,29.24E-9,54.38E-3,31.05E-9,19.20E-3,33.62E-9,93.20E-3,35.03E-9,13.22E-3
24.03E-9,0.000,17.16E-9,0.000,20.95E-9,0.000,21.62E-9,0.000,24.48E-9,0.000,25.40E-9,95.28E-3,27.31E-9,78.07E-3,29.41E-9,84.62E-3,31.23E-9,46.37E-3,34.13E-9,161.6E-3,35.24E-9,38.67E-3
25.00E-9,0.000,17.37E-9,0.000,22.55E-9,0.000,22.25E-9,0.000,25.00E-9,0.000,25.70E-9,167.7E-3,27.58E-9,132.2E-3,29.77E-9,145.1E-3,31.39E-9,70.87E-3,35.06E-9,285.4E-3,35.43E-9,61.49E-3
25.01E-9,696.0E-3,17.78E-9,0.000,23.78E-9,0.000,23.52E-9,0.000,25.10E-9,28.68E-3,26.14E-9,274.2E-3,28.12E-9,240.6E-3,30.47E-9,266.1E-3,31.72E-9,119.9E-3,35.86E-9,391.7E-3,35.81E-9,107.1E-3
25.01E-9,1.200,18.60E-9,0.000,25.00E-9,0.000,25.00E-9,0.000,25.28E-9,85.24E-3,26.60E-9,382.3E-3,28.64E-9,344.2E-3,31.09E-9,371.0E-3,32.37E-9,217.9E-3,36.30E-9,450.2E-3,36.58E-9,198.4E-3
25.01E-9,1.200,20.20E-9,0.000,25.10E-9,60.25E-3,25.14E-9,55.62E-3,25.45E-9,135.7E-3,26.88E-9,451.0E-3,29.22E-9,460.0E-3,31.53E-9,446.3E-3,33.07E-9,322.8E-3,36.56E-9,484.9E-3,37.47E-9,305.1E-3
25.01E-9,1.200,21.80E-9,0.000,25.27E-9,161.8E-3,25.38E-9,151.9E-3,25.79E-9,236.5E-3,27.04E-9,489.5E-3,29.42E-9,499.4E-3,31.75E-9,484.0E-3,33.83E-9,435.4E-3,36.77E-9,512.9E-3,38.38E-9,415.3E-3
25.01E-9,1.200,23.40E-9,0.000,25.48E-9,288.6E-3,25.66E-9,263.4E-3,26.16E-9,347.6E-3,27.18E-9,521.4E-3,29.58E-9,530.9E-3,31.92E-9,514.1E-3,34.10E-9,477.1E-3,37.00E-9,543.6E-3,38.77E-9,461.4E-3
25.01E-9,1.200,24.20E-9,0.000,25.68E-9,404.3E-3,25.95E-9,378.2E-3,26.54E-9,462.2E-3,27.32E-9,555.8E-3,29.74E-9,563.8E-3,32.12E-9,547.7E-3,34.31E-9,507.8E-3,37.23E-9,573.8E-3,39.03E-9,493.3E-3
25.02E-9,1.200,25.00E-9,0.000,25.79E-9,473.0E-3,26.15E-9,458.2E-3,26.69E-9,504.4E-3,27.46E-9,589.4E-3,29.87E-9,589.5E-3,32.30E-9,578.3E-3,34.55E-9,544.5E-3,37.46E-9,604.0E-3,39.27E-9,521.8E-3
25.02E-9,1.200,25.06E-9,71.81E-3,25.87E-9,516.6E-3,26.26E-9,500.6E-3,26.80E-9,538.7E-3,27.61E-9,624.2E-3,30.02E-9,618.2E-3,32.49E-9,611.5E-3,34.76E-9,574.6E-3,37.64E-9,628.2E-3,39.51E-9,550.4E-3
25.04E-9,1.200,25.16E-9,185.9E-3,25.96E-9,570.4E-3,26.35E-9,536.8E-3,26.92E-9,574.0E-3,27.72E-9,650.5E-3,30.14E-9,643.1E-3,32.64E-9,636.4E-3,34.91E-9,597.5E-3,37.80E-9,650.3E-3,39.81E-9,585.9E-3
25.05E-9,1.200,25.28E-9,335.7E-3,26.02E-9,610.7E-3,26.44E-9,574.0E-3,27.01E-9,602.9E-3,27.81E-9,672.9E-3,30.25E-9,664.5E-3,32.77E-9,658.9E-3,35.07E-9,621.9E-3,37.97E-9,672.0E-3,40.02E-9,611.0E-3
25.06E-9,1.200,25.38E-9,454.9E-3,26.06E-9,635.1E-3,26.54E-9,615.2E-3,27.12E-9,635.0E-3,27.91E-9,696.0E-3,30.36E-9,687.6E-3,32.90E-9,680.6E-3,35.23E-9,645.0E-3,38.16E-9,697.9E-3,40.22E-9,635.2E-3
25.07E-9,1.200,25.44E-9,518.4E-3,26.13E-9,674.5E-3,26.64E-9,652.6E-3,27.21E-9,661.3E-3,28.00E-9,718.6E-3,30.48E-9,710.6E-3,33.04E-9,704.7E-3,35.36E-9,665.2E-3,38.32E-9,719.3E-3,40.39E-9,655.7E-3
25.08E-9,1.200,25.48E-9,569.6E-3,26.18E-9,702.5E-3,26.71E-9,681.0E-3,27.28E-9,683.2E-3,28.09E-9,741.2E-3,30.59E-9,732.7E-3,33.16E-9,726.1E-3,35.48E-9,683.4E-3,38.58E-9,753.2E-3,40.63E-9,684.0E-3
25.09E-9,1.200,25.52E-9,622.5E-3,26.22E-9,726.9E-3,26.77E-9,703.9E-3,27.37E-9,708.0E-3,28.26E-9,781.3E-3,30.78E-9,770.7E-3,33.39E-9,764.4E-3,35.61E-9,703.3E-3,38.98E-9,807.2E-3,40.80E-9,705.4E-3
25.10E-9,1.200,25.57E-9,678.9E-3,26.27E-9,756.0E-3,26.84E-9,733.3E-3,27.44E-9,730.1E-3,28.49E-9,836.5E-3,31.05E-9,823.8E-3,33.68E-9,814.4E-3,35.79E-9,728.9E-3,39.41E-9,864.7E-3,41.01E-9,730.2E-3
25.11E-9,1.200,25.60E-9,713.6E-3,26.31E-9,780.2E-3,26.89E-9,755.4E-3,27.52E-9,754.0E-3,28.78E-9,906.1E-3,31.38E-9,889.5E-3,34.05E-9,878.4E-3,36.10E-9,775.5E-3,40.03E-9,947.4E-3,41.43E-9,779.9E-3
25.13E-9,1.200,25.62E-9,741.5E-3,26.35E-9,808.0E-3,26.97E-9,783.5E-3,27.65E-9,793.6E-3,29.17E-9,997.7E-3,31.81E-9,976.9E-3,34.54E-9,961.7E-3,36.42E-9,823.8E-3,40.81E-9,1.051,41.83E-9,828.1E-3
25.16E-9,1.200,25.65E-9,770.3E-3,26.42E-9,848.5E-3,27.08E-9,827.5E-3,27.85E-9,854.2E-3,29.64E-9,1.112,32.37E-9,1.088,35.18E-9,1.071,36.89E-9,893.8E-3,41.37E-9,1.126,42.44E-9,901.1E-3
25.20E-9,1.200,25.67E-9,798.3E-3,26.55E-9,922.8E-3,27.27E-9,904.4E-3,28.10E-9,927.9E-3,30.01E-9,1.200,32.93E-9,1.200,35.55E-9,1.136,37.47E-9,980.5E-3,41.93E-9,1.200,43.18E-9,990.0E-3
25.28E-9,1.200,25.71E-9,839.6E-3,26.70E-9,1.015,27.49E-9,991.2E-3,28.43E-9,1.026,30.14E-9,1.200,33.09E-9,1.200,35.93E-9,1.200,37.66E-9,1.010,42.09E-9,1.200,43.43E-9,1.020
25.44E-9,1.200,25.73E-9,869.7E-3,26.86E-9,1.108,27.77E-9,1.104,28.72E-9,1.113,30.32E-9,1.200,33.32E-9,1.200,36.04E-9,1.200,38.05E-9,1.068,42.36E-9,1.200,43.92E-9,1.079
25.76E-9,1.200,25.76E-9,907.0E-3,27.01E-9,1.200,28.01E-9,1.200,29.01E-9,1.200,30.47E-9,1.200,33.54E-9,1.200,36.24E-9,1.200,38.49E-9,1.134,42.60E-9,1.200,44.43E-9,1.140
26.40E-9,1.200,25.80E-9,955.3E-3,27.06E-9,1.200,28.09E-9,1.200,29.11E-9,1.200,30.79E-9,1.200,33.97E-9,1.200,36.42E-9,1.200,38.93E-9,1.200,43.10E-9,1.200,44.93E-9,1.200
27.68E-9,1.200,25.88E-9,1.050,27.13E-9,1.200,28.20E-9,1.200,29.25E-9,1.200,31.43E-9,1.200,34.83E-9,1.200,36.77E-9,1.200,39.06E-9,1.200,44.09E-9,1.200,45.09E-9,1.200
29.28E-9,1.200,25.95E-9,1.125,27.20E-9,1.200,28.30E-9,1.200,29.38E-9,1.200,32.69E-9,1.200,36.43E-9,1.200,37.48E-9,1.200,39.29E-9,1.200,45.69E-9,1.200,45.35E-9,1.200
30.88E-9,1.200,26.01E-9,1.200,27.33E-9,1.200,28.50E-9,1.200,29.63E-9,1.200,34.29E-9,1.200,38.03E-9,1.200,38.91E-9,1.200,39.49E-9,1.200,47.29E-9,1.200,45.60E-9,1.200
32.48E-9,1.200,26.03E-9,1.200,27.59E-9,1.200,28.89E-9,1.200,30.13E-9,1.200,35.89E-9,1.200,39.63E-9,1.200,40.51E-9,1.200,39.91E-9,1.200,48.89E-9,1.200,46.09E-9,1.200
33.69E-9,1.200,26.07E-9,1.200,28.11E-9,1.200,29.69E-9,1.200,31.14E-9,1.200,37.49E-9,1.200,41.23E-9,1.200,42.11E-9,1.200,40.73E-9,1.200,50.49E-9,1.200,47.07E-9,1.200
34.91E-9,1.200,26.10E-9,1.200,29.15E-9,1.200,31.28E-9,1.200,32.74E-9,1.200,38.70E-9,1.200,42.03E-9,1.200,43.71E-9,1.200,42.33E-9,1.200,51.83E-9,1.200,48.67E-9,1.200
34.92E-9,496.8E-3,26.15E-9,1.200,30.75E-9,1.200,32.88E-9,1.200,34.34E-9,1.200,39.91E-9,1.200,42.83E-9,1.200,44.77E-9,1.200,43.93E-9,1.200,52.13E-9,1.160,50.27E-9,1.200
34.92E-9,0.000,26.27E-9,1.200,32.35E-9,1.200,34.48E-9,1.200,35.94E-9,1.200,40.13E-9,1.147,42.98E-9,1.171,45.83E-9,1.200,45.53E-9,1.200,52.62E-9,1.095,51.87E-9,1.200
34.92E-9,0.000,26.51E-9,1.200,33.95E-9,1.200,36.08E-9,1.200,37.54E-9,1.200,40.49E-9,1.062,43.26E-9,1.113,46.08E-9,1.157,47.13E-9,1.200,53.04E-9,1.039,53.47E-9,1.200
34.92E-9,0.000,26.98E-9,1.200,35.55E-9,1.200,37.00E-9,1.200,38.91E-9,1.200,40.80E-9,987.0E-3,43.52E-9,1.062,46.46E-9,1.093,47.98E-9,1.200,53.89E-9,926.0E-3,54.83E-9,1.200
34.92E-9,0.000,27.92E-9,1.200,36.91E-9,1.200,37.91E-9,1.200,39.11E-9,1.140,41.43E-9,837.1E-3,44.03E-9,959.8E-3,46.79E-9,1.035,48.83E-9,1.200,54.95E-9,784.3E-3,55.15E-9,1.162
34.92E-9,0.000,29.52E-9,1.200,37.02E-9,1.137,38.03E-9,1.154,39.45E-9,1.038,41.94E-9,714.5E-3,44.86E-9,795.3E-3,47.46E-9,920.9E-3,49.00E-9,1.174,55.82E-9,668.7E-3,55.66E-9,1.101
34.93E-9,0.000,31.12E-9,1.200,37.19E-9,1.032,38.24E-9,1.068,39.76E-9,946.0E-3,42.21E-9,649.3E-3,45.45E-9,677.5E-3,48.28E-9,781.0E-3,49.34E-9,1.124,56.14E-9,626.2E-3,56.10E-9,1.047
34.93E-9,0.000,32.72E-9,1.200,37.42E-9,897.3E-3,38.45E-9,984.4E-3,40.32E-9,777.4E-3,42.37E-9,611.1E-3,45.68E-9,630.0E-3,48.95E-9,665.2E-3,49.64E-9,1.079,56.37E-9,595.5E-3,56.99E-9,940.5E-3
34.95E-9,0.000,34.32E-9,1.200,37.68E-9,740.0E-3,38.87E-9,816.8E-3,40.72E-9,658.8E-3,42.51E-9,578.2E-3,45.85E-9,596.8E-3,49.21E-9,622.1E-3,50.23E-9,989.5E-3,56.63E-9,560.2E-3,58.23E-9,792.8E-3
34.96E-9,0.000,35.91E-9,1.200,37.88E-9,619.5E-3,39.18E-9,692.3E-3,40.87E-9,612.2E-3,42.65E-9,544.8E-3,46.05E-9,557.3E-3,49.39E-9,590.6E-3,51.03E-9,870.9E-3,56.87E-9,528.2E-3,59.19E-9,676.8E-3
34.97E-9,0.000,35.99E-9,1.105,37.97E-9,569.7E-3,39.33E-9,632.3E-3,40.99E-9,577.4E-3,42.81E-9,505.8E-3,46.21E-9,524.9E-3,49.60E-9,555.0E-3,51.84E-9,748.6E-3,57.13E-9,494.6E-3,59.56E-9,632.7E-3
34.98E-9,0.000,36.11E-9,967.5E-3,38.06E-9,511.7E-3,39.43E-9,593.0E-3,41.12E-9,539.3E-3,42.94E-9,473.4E-3,46.33E-9,501.4E-3,49.80E-9,520.9E-3,52.62E-9,632.8E-3,57.31E-9,470.1E-3,59.82E-9,601.8E-3
34.99E-9,0.000,36.21E-9,845.0E-3,38.13E-9,468.8E-3,39.55E-9,545.5E-3,41.25E-9,500.6E-3,43.05E-9,447.3E-3,46.47E-9,474.1E-3,50.00E-9,486.8E-3,52.87E-9,594.8E-3,57.47E-9,449.0E-3,60.13E-9,564.8E-3
35.00E-9,0.000,36.33E-9,704.6E-3,38.18E-9,443.1E-3,39.64E-9,508.6E-3,41.37E-9,464.6E-3,43.14E-9,426.5E-3,46.58E-9,451.5E-3,50.14E-9,461.6E-3,53.09E-9,561.9E-3,57.64E-9,425.8E-3,60.38E-9,534.6E-3
35.01E-9,0.000,36.43E-9,584.0E-3,38.21E-9,421.0E-3,39.70E-9,487.4E-3,41.46E-9,437.7E-3,43.22E-9,407.1E-3,46.68E-9,431.4E-3,50.27E-9,440.6E-3,53.30E-9,530.5E-3,57.79E-9,405.8E-3,60.57E-9,511.5E-3
35.03E-9,0.000,36.48E-9,524.0E-3,38.25E-9,398.2E-3,39.78E-9,452.8E-3,41.53E-9,416.2E-3,43.30E-9,387.5E-3,46.77E-9,414.1E-3,50.41E-9,415.9E-3,53.53E-9,495.9E-3,57.97E-9,382.1E-3,60.78E-9,486.9E-3
35.04E-9,0.000,36.53E-9,462.8E-3,38.29E-9,375.2E-3,39.85E-9,427.7E-3,41.60E-9,396.2E-3,43.41E-9,361.5E-3,46.86E-9,395.2E-3,50.53E-9,396.2E-3,53.70E-9,470.6E-3,58.33E-9,334.7E-3,60.97E-9,464.4E-3
35.07E-9,0.000,36.58E-9,406.6E-3,38.34E-9,346.5E-3,39.90E-9,405.8E-3,41.66E-9,376.1E-3,43.62E-9,310.8E-3,47.00E-9,367.6E-3,50.67E-9,371.0E-3,53.84E-9,448.9E-3,58.69E-9,286.5E-3,61.13E-9,444.6E-3
35.10E-9,0.000,36.60E-9,376.1E-3,38.38E-9,322.6E-3,39.98E-9,376.7E-3,41.75E-9,349.6E-3,43.85E-9,255.7E-3,47.24E-9,320.0E-3,50.97E-9,320.5E-3,53.99E-9,427.2E-3,59.24E-9,213.4E-3,61.28E-9,427.3E-3
35.15E-9,0.000,36.63E-9,341.6E-3,38.43E-9,291.6E-3,40.03E-9,355.3E-3,41.92E-9,298.9E-3,44.19E-9,175.1E-3,47.51E-9,265.6E-3,51.25E-9,271.7E-3,54.13E-9,405.9E-3,59.89E-9,126.3E-3,61.43E-9,408.5E-3
35.25E-9,0.000,36.65E-9,315.0E-3,38.51E-9,244.6E-3,40.10E-9,328.0E-3,42.12E-9,240.1E-3,44.61E-9,74.58E-3,47.89E-9,189.8E-3,51.73E-9,190.7E-3,54.28E-9,384.1E-3,60.84E-9,0.000,61.68E-9,379.2E-3
35.45E-9,0.000,36.68E-9,287.5E-3,38.63E-9,170.3E-3,40.21E-9,283.7E-3,42.40E-9,154.9E-3,44.92E-9,0.000,48.38E-9,91.67E-3,52.29E-9,94.72E-3,54.57E-9,340.5E-3,61.00E-9,21.97E-3,62.03E-9,336.7E-3
35.86E-9,0.000,36.70E-9,257.7E-3,38.78E-9,85.13E-3,40.39E-9,211.5E-3,42.66E-9,77.45E-3,45.00E-9,0.000,48.84E-9,0.000,52.84E-9,1.133E-15,54.89E-9,292.7E-3,61.28E-9,58.89E-3,62.46E-9,285.2E-3
36.66E-9,0.000,36.73E-9,223.3E-3,38.92E-9,0.000,40.62E-9,121.5E-3,42.92E-9,666.1E-18,45.06E-9,15.27E-3,48.94E-9,20.28E-3,52.96E-9,20.42E-3,55.35E-9,223.1E-3,61.54E-9,92.97E-3,63.04E-9,215.3E-3
38.26E-9,0.000,36.77E-9,178.3E-3,38.97E-9,0.000,40.77E-9,60.74E-3,43.01E-9,0.000,45.17E-9,41.04E-3,49.10E-9,52.65E-3,53.15E-9,53.15E-3,55.92E-9,137.5E-3,62.05E-9,161.1E-3,63.81E-9,123.5E-3
39.86E-9,0.000,36.82E-9,113.5E-3,39.03E-9,0.000,40.92E-9,0.000,43.14E-9,0.000,45.25E-9,59.19E-3,49.25E-9,81.21E-3,53.32E-9,82.21E-3,56.38E-9,68.76E-3,62.98E-9,285.2E-3,64.33E-9,61.73E-3
41.46E-9,0.000,36.87E-9,56.76E-3,39.10E-9,0.000,40.99E-9,0.000,43.26E-9,0.000,45.40E-9,95.48E-3,49.53E-9,138.3E-3,53.66E-9,140.3E-3,56.84E-9,1.983E-15,63.78E-9,391.5E-3,64.84E-9,1.332E-15
43.06E-9,0.000,36.92E-9,3.553E-15,39.22E-9,0.000,41.07E-9,0.000,43.49E-9,0.000,45.70E-9,168.1E-3,50.10E-9,252.6E-3,54.34E-9,256.6E-3,56.97E-9,19.18E-3,64.22E-9,450.1E-3,64.95E-9,12.88E-3
44.03E-9,0.000,36.94E-9,0.000,39.47E-9,0.000,41.15E-9,0.000,43.96E-9,0.000,46.14E-9,274.0E-3,50.63E-9,356.5E-3,54.95E-9,361.1E-3,57.15E-9,46.27E-3,64.48E-9,484.9E-3,65.15E-9,37.36E-3
45.00E-9,0.000,36.97E-9,0.000,39.96E-9,0.000,41.30E-9,0.000,44.48E-9,0.000,46.60E-9,382.2E-3,51.21E-9,473.2E-3,55.63E-9,477.6E-3,57.31E-9,70.70E-3,64.69E-9,512.9E-3,65.34E-9,59.37E-3
45.01E-9,696.0E-3,36.99E-9,0.000,40.95E-9,0.000,41.62E-9,0.000,45.00E-9,0.000,46.88E-9,451.0E-3,51.40E-9,511.5E-3,55.85E-9,515.0E-3,57.64E-9,119.6E-3,64.92E-9,543.5E-3,65.70E-9,103.4E-3
45.01E-9,1.200,37.04E-9,0.000,42.55E-9,0.000,42.24E-9,0.000,45.10E-9,28.65E-3,47.04E-9,489.4E-3,51.57E-9,544.5E-3,56.04E-9,547.8E-3,58.29E-9,217.3E-3,65.15E-9,573.8E-3,66.44E-9,191.4E-3
45.01E-9,1.200,37.14E-9,0.000,43.77E-9,0.000,43.49E-9,0.000,45.28E-9,85.15E-3,47.18E-9,521.4E-3,51.73E-9,576.6E-3,56.22E-9,579.0E-3,58.99E-9,322.3E-3,65.38E-9,604.0E-3,67.33E-9,298.9E-3
45.01E-9,1.200,37.33E-9,0.000,45.00E-9,0.000,45.00E-9,0.000,45.45E-9,135.5E-3,47.32E-9,555.8E-3,51.85E-9,600.1E-3,56.42E-9,612.0E-3,59.74E-9,434.8E-3,65.56E-9,628.2E-3,68.24E-9,408.1E-3
45.01E-9,1.200,37.72E-9,0.000,45.10E-9,60.27E-3,45.14E-9,55.96E-3,45.79E-9,236.3E-3,47.46E-9,589.4E-3,51.98E-9,626.7E-3,56.56E-9,636.8E-3,60.02E-9,476.6E-3,65.72E-9,650.3E-3,68.65E-9,456.7E-3
45.01E-9,1.200,38.48E-9,0.000,45.27E-9,161.8E-3,45.38E-9,152.6E-3,46.16E-9,347.3E-3,47.61E-9,624.2E-3,52.10E-9,650.2E-3,56.69E-9,659.3E-3,60.23E-9,507.4E-3,65.89E-9,672.0E-3,68.92E-9,488.9E-3
45.02E-9,1.200,40.02E-9,0.000,45.48E-9,288.7E-3,45.67E-9,265.2E-3,46.54E-9,462.0E-3,47.72E-9,650.5E-3,52.20E-9,671.0E-3,56.82E-9,681.1E-3,60.47E-9,544.2E-3,66.08E-9,697.9E-3,69.16E-9,518.2E-3
45.02E-9,1.200,41.62E-9,0.000,45.68E-9,404.4E-3,45.95E-9,380.0E-3,46.68E-9,504.2E-3,47.81E-9,672.9E-3,52.30E-9,691.5E-3,56.96E-9,704.9E-3,60.67E-9,574.3E-3,66.24E-9,719.3E-3,69.41E-9,548.1E-3
45.04E-9,1.200,43.22E-9,0.000,45.79E-9,473.0E-3,46.15E-9,458.6E-3,46.80E-9,538.4E-3,47.91E-9,696.0E-3,52.41E-9,711.9E-3,57.08E-9,726.3E-3,60.82E-9,597.0E-3,66.50E-9,753.2E-3,69.67E-9,579.3E-3
45.05E-9,1.200,44.11E-9,0.000,45.87E-9,516.6E-3,46.26E-9,500.8E-3,46.92E-9,573.7E-3,48.00E-9,718.6E-3,52.53E-9,736.0E-3,57.31E-9,765.2E-3,60.99E-9,621.4E-3,66.90E-9,807.2E-3,69.89E-9,605.5E-3
45.06E-9,1.200,45.00E-9,0.000,45.96E-9,570.4E-3,46.35E-9,537.0E-3,47.01E-9,603.0E-3,48.09E-9,741.2E-3,52.75E-9,780.7E-3,57.60E-9,815.1E-3,61.14E-9,644.6E-3,67.33E-9,864.7E-3,70.09E-9,629.5E-3
45.07E-9,1.200,45.06E-9,74.79E-3,46.02E-9,610.7E-3,46.44E-9,574.1E-3,47.12E-9,635.1E-3,48.26E-9,781.3E-3,53.01E-9,832.9E-3,57.98E-9,879.6E-3,61.28E-9,664.8E-3,67.95E-9,947.4E-3,70.27E-9,650.9E-3
45.08E-9,1.200,45.16E-9,192.1E-3,46.06E-9,635.1E-3,46.54E-9,615.5E-3,47.21E-9,661.4E-3,48.49E-9,836.5E-3,53.36E-9,903.3E-3,58.47E-9,963.0E-3,61.40E-9,682.9E-3,68.73E-9,1.051,70.46E-9,673.9E-3
45.09E-9,1.200,45.30E-9,351.9E-3,46.13E-9,674.5E-3,46.64E-9,652.7E-3,47.28E-9,683.4E-3,48.78E-9,906.1E-3,53.81E-9,992.2E-3,59.11E-9,1.073,61.53E-9,702.9E-3,69.29E-9,1.126,70.66E-9,697.2E-3
45.10E-9,1.200,45.40E-9,471.1E-3,46.18E-9,702.5E-3,46.71E-9,681.1E-3,47.37E-9,708.1E-3,49.17E-9,997.7E-3,53.96E-9,1.022,59.48E-9,1.137,61.70E-9,728.2E-3,69.85E-9,1.200,70.84E-9,719.3E-3
45.11E-9,1.200,45.45E-9,531.9E-3,46.22E-9,726.8E-3,46.77E-9,704.0E-3,47.44E-9,730.2E-3,49.64E-9,1.112,54.25E-9,1.080,59.85E-9,1.200,62.01E-9,775.0E-3,70.01E-9,1.200,71.17E-9,758.5E-3
45.13E-9,1.200,45.49E-9,583.7E-3,46.27E-9,756.0E-3,46.84E-9,733.6E-3,47.52E-9,754.2E-3,50.01E-9,1.200,54.55E-9,1.140,59.96E-9,1.200,62.33E-9,822.8E-3,70.28E-9,1.200,71.56E-9,805.6E-3
45.16E-9,1.200,45.53E-9,635.0E-3,46.31E-9,780.1E-3,46.90E-9,755.7E-3,47.65E-9,794.0E-3,50.14E-9,1.200,54.85E-9,1.200,60.15E-9,1.200,62.80E-9,893.0E-3,70.52E-9,1.200,72.09E-9,869.4E-3
45.20E-9,1.200,45.59E-9,701.7E-3,46.35E-9,808.0E-3,46.97E-9,783.9E-3,47.86E-9,854.6E-3,50.32E-9,1.200,54.94E-9,1.200,60.33E-9,1.200,63.38E-9,979.1E-3,71.02E-9,1.200,72.76E-9,949.0E-3
45.28E-9,1.200,45.63E-9,750.5E-3,46.42E-9,848.4E-3,47.08E-9,828.1E-3,48.10E-9,928.4E-3,50.47E-9,1.200,55.10E-9,1.200,60.68E-9,1.200,63.57E-9,1.008,72.01E-9,1.200,73.67E-9,1.058
45.44E-9,1.200,45.66E-9,784.7E-3,46.55E-9,922.7E-3,47.27E-9,905.4E-3,48.43E-9,1.026,50.79E-9,1.200,55.25E-9,1.200,61.39E-9,1.200,63.96E-9,1.066,73.61E-9,1.200,74.26E-9,1.129
45.76E-9,1.200,45.69E-9,815.3E-3,46.70E-9,1.015,47.49E-9,992.5E-3,48.72E-9,1.113,51.43E-9,1.200,55.54E-9,1.200,62.80E-9,1.200,64.40E-9,1.133,75.21E-9,1.200,74.85E-9,1.200
46.40E-9,1.200,45.71E-9,846.0E-3,46.86E-9,1.108,47.77E-9,1.106,49.01E-9,1.200,52.69E-9,1.200,56.13E-9,1.200,64.40E-9,1.200,64.85E-9,1.200,76.81E-9,1.200,75.02E-9,1.200
47.68E-9,1.200,45.74E-9,876.5E-3,47.01E-9,1.200,48.01E-9,1.200,49.11E-9,1.200,54.29E-9,1.200,57.30E-9,1.200,66.00E-9,1.200,64.98E-9,1.200,78.41E-9,1.200,75.31E-9,1.200
49.28E-9,1.200,45.77E-9,915.6E-3,47.06E-9,1.200,48.09E-9,1.200,49.25E-9,1.200,55.89E-9,1.200,58.90E-9,1.200,67.60E-9,1.200,65.21E-9,1.200,79.75E-9,1.200,75.58E-9,1.200
50.88E-9,1.200,45.82E-9,974.4E-3,47.13E-9,1.200,48.20E-9,1.200,49.38E-9,1.200,57.49E-9,1.200,60.50E-9,1.200,68.68E-9,1.200,65.42E-9,1.200,80.00E-9,1.167,76.11E-9,1.200
52.48E-9,1.200,45.90E-9,1.066,47.20E-9,1.200,48.30E-9,1.200,49.63E-9,1.200,58.70E-9,1.200,62.10E-9,1.200,69.75E-9,1.200,65.83E-9,1.200, , ,77.19E-9,1.200
53.69E-9,1.200,45.95E-9,1.133,47.33E-9,1.200,48.49E-9,1.200,50.13E-9,1.200,59.91E-9,1.200,63.43E-9,1.200,70.00E-9,1.157,66.66E-9,1.200, , ,78.79E-9,1.200
54.91E-9,1.200,46.01E-9,1.200,47.59E-9,1.200,48.89E-9,1.200,51.14E-9,1.200,60.13E-9,1.147,64.75E-9,1.200,70.38E-9,1.092,68.26E-9,1.200, , ,80.00E-9,1.200
54.92E-9,496.8E-3,46.03E-9,1.200,48.11E-9,1.200,49.68E-9,1.200,52.74E-9,1.200,60.49E-9,1.062,65.00E-9,1.151,70.72E-9,1.034,69.86E-9,1.200, , , , 
54.92E-9,822.9E-15,46.06E-9,1.200,49.15E-9,1.200,51.26E-9,1.200,54.34E-9,1.200,60.80E-9,987.0E-3,65.40E-9,1.070,71.39E-9,919.2E-3,71.46E-9,1.200, , , , 
54.92E-9,0.000,46.08E-9,1.200,50.75E-9,1.200,52.86E-9,1.200,55.94E-9,1.200,61.42E-9,837.1E-3,65.75E-9,999.5E-3,72.20E-9,779.9E-3,73.06E-9,1.200, , , , 
54.92E-9,0.000,46.13E-9,1.200,52.35E-9,1.200,54.46E-9,1.200,57.54E-9,1.200,61.94E-9,714.5E-3,66.46E-9,857.8E-3,72.88E-9,664.2E-3,73.91E-9,1.200, , , , 
54.92E-9,0.000,46.24E-9,1.200,53.95E-9,1.200,56.06E-9,1.200,58.91E-9,1.200,62.21E-9,649.3E-3,67.09E-9,732.6E-3,73.13E-9,621.3E-3,74.75E-9,1.200, , , , 
54.92E-9,0.000,46.44E-9,1.200,55.55E-9,1.200,56.98E-9,1.200,59.11E-9,1.140,62.37E-9,611.2E-3,67.47E-9,656.4E-3,73.31E-9,589.8E-3,74.92E-9,1.174, , , , 
54.93E-9,0.000,46.86E-9,1.200,56.91E-9,1.200,57.91E-9,1.200,59.45E-9,1.038,62.51E-9,578.2E-3,67.67E-9,617.4E-3,73.52E-9,554.4E-3,75.26E-9,1.124, , , , 
54.93E-9,0.000,47.68E-9,1.200,57.02E-9,1.137,58.03E-9,1.153,59.76E-9,945.8E-3,62.65E-9,544.8E-3,67.83E-9,585.8E-3,73.72E-9,519.9E-3,75.55E-9,1.080, , , , 
54.95E-9,0.000,49.28E-9,1.200,57.19E-9,1.033,58.24E-9,1.068,60.32E-9,777.3E-3,62.81E-9,505.8E-3,67.99E-9,552.2E-3,73.92E-9,486.4E-3,76.15E-9,990.2E-3, , , , 
54.96E-9,0.000,50.88E-9,1.200,57.42E-9,897.3E-3,58.45E-9,983.3E-3,60.72E-9,658.7E-3,62.94E-9,473.4E-3,68.17E-9,517.4E-3,74.07E-9,461.3E-3,76.94E-9,871.2E-3, , , , 
54.97E-9,0.000,52.48E-9,1.200,57.68E-9,740.1E-3,58.88E-9,814.5E-3,60.87E-9,612.1E-3,63.05E-9,447.3E-3,68.33E-9,484.5E-3,74.19E-9,440.4E-3,77.76E-9,748.8E-3, , , , 
54.98E-9,0.000,54.08E-9,1.200,57.88E-9,619.6E-3,59.19E-9,690.2E-3,60.99E-9,577.3E-3,63.14E-9,426.5E-3,68.46E-9,458.4E-3,74.33E-9,415.2E-3,78.53E-9,633.0E-3, , , , 
54.99E-9,0.000,55.00E-9,1.200,57.97E-9,569.8E-3,59.34E-9,631.0E-3,61.12E-9,539.3E-3,63.22E-9,407.1E-3,68.57E-9,437.3E-3,74.45E-9,395.6E-3,78.79E-9,594.9E-3, , , , 
55.00E-9,0.000,55.91E-9,1.200,58.06E-9,511.8E-3,59.44E-9,592.0E-3,61.25E-9,500.5E-3,63.30E-9,387.5E-3,68.69E-9,412.8E-3,74.60E-9,370.0E-3,79.01E-9,562.1E-3, , , , 
55.01E-9,0.000,55.97E-9,1.124,58.13E-9,468.9E-3,59.55E-9,545.0E-3,61.37E-9,464.6E-3,63.41E-9,361.5E-3,68.79E-9,392.4E-3,74.90E-9,319.0E-3,79.22E-9,530.7E-3, , , , 
55.03E-9,0.000,56.07E-9,1.006,58.18E-9,443.2E-3,59.65E-9,508.0E-3,61.46E-9,437.7E-3,63.62E-9,310.8E-3,68.92E-9,368.2E-3,75.18E-9,269.7E-3,79.45E-9,496.0E-3, , , , 
55.04E-9,0.000,56.21E-9,843.8E-3,58.21E-9,421.0E-3,59.70E-9,487.0E-3,61.53E-9,416.2E-3,63.85E-9,255.8E-3,69.15E-9,320.9E-3,75.66E-9,188.3E-3,79.62E-9,470.6E-3, , , , 
55.07E-9,0.000,56.33E-9,696.4E-3,58.25E-9,398.2E-3,59.78E-9,452.5E-3,61.60E-9,396.2E-3,64.19E-9,175.1E-3,69.43E-9,266.4E-3,76.23E-9,91.41E-3,79.76E-9,448.9E-3, , , , 
55.10E-9,0.000,56.40E-9,613.1E-3,58.29E-9,375.2E-3,59.85E-9,427.5E-3,61.66E-9,376.1E-3,64.61E-9,74.59E-3,69.81E-9,190.6E-3,76.76E-9,2.665E-15,79.88E-9,431.2E-3, , , , 
55.15E-9,0.000,56.45E-9,558.1E-3,58.34E-9,346.5E-3,59.90E-9,405.6E-3,61.75E-9,349.6E-3,64.92E-9,888.2E-18,70.30E-9,92.49E-3,76.88E-9,20.25E-3,80.00E-9,413.5E-3, , , , 
55.25E-9,0.000,56.50E-9,496.7E-3,58.38E-9,322.6E-3,59.98E-9,376.2E-3,61.92E-9,298.9E-3,65.00E-9,0.000,70.76E-9,0.000,77.07E-9,52.52E-3, , , , , , 
55.45E-9,0.000,56.55E-9,445.2E-3,58.43E-9,291.6E-3,60.03E-9,354.9E-3,62.12E-9,240.0E-3,65.06E-9,15.27E-3,70.86E-9,20.33E-3,77.23E-9,81.03E-3, , , , , , 
55.86E-9,0.000,56.57E-9,419.2E-3,58.51E-9,244.6E-3,60.10E-9,327.4E-3,62.40E-9,154.9E-3,65.17E-9,41.04E-3,71.02E-9,52.82E-3,77.57E-9,138.0E-3, , , , , , 
56.66E-9,0.000,56.59E-9,391.4E-3,58.63E-9,170.3E-3,60.21E-9,282.8E-3,62.66E-9,77.44E-3,65.25E-9,59.19E-3,71.17E-9,81.52E-3,78.23E-9,252.1E-3, , , , , , 
58.26E-9,0.000,56.62E-9,358.2E-3,58.78E-9,85.15E-3,60.39E-9,210.3E-3,62.92E-9,666.1E-18,65.40E-9,95.48E-3,71.46E-9,138.9E-3,78.84E-9,356.5E-3, , , , , , 
59.86E-9,0.000,56.64E-9,332.7E-3,58.92E-9,0.000,60.62E-9,119.8E-3,63.01E-9,0.000,65.70E-9,168.1E-3,72.03E-9,253.7E-3,79.52E-9,472.8E-3, , , , , , 
61.46E-9,0.000,56.67E-9,300.0E-3,58.97E-9,0.000,60.77E-9,59.90E-3,63.14E-9,0.000,66.14E-9,274.0E-3,72.55E-9,357.7E-3,79.75E-9,511.0E-3, , , , , , 
63.06E-9,0.000,56.70E-9,267.0E-3,59.03E-9,0.000,60.92E-9,2.665E-15,63.26E-9,0.000,66.60E-9,382.2E-3,73.14E-9,474.4E-3,80.00E-9,554.6E-3, , , , , , 
64.03E-9,0.000,56.72E-9,235.0E-3,59.10E-9,0.000,60.99E-9,0.000,63.49E-9,0.000,66.88E-9,451.0E-3,73.33E-9,512.9E-3, , , , , , , , 
65.00E-9,0.000,56.76E-9,196.0E-3,59.22E-9,0.000,61.07E-9,0.000,63.96E-9,0.000,67.04E-9,489.4E-3,73.49E-9,545.7E-3, , , , , , , , 
65.01E-9,696.0E-3,56.80E-9,140.3E-3,59.47E-9,0.000,61.15E-9,0.000,64.48E-9,0.000,67.18E-9,521.4E-3,73.65E-9,577.5E-3, , , , , , , , 
65.01E-9,1.200,56.86E-9,70.17E-3,59.96E-9,0.000,61.30E-9,0.000,65.00E-9,0.000,67.32E-9,555.8E-3,73.78E-9,602.2E-3, , , , , , , , 
65.01E-9,1.200,56.92E-9,0.000,60.95E-9,0.000,61.61E-9,0.000,65.10E-9,28.65E-3,67.46E-9,589.4E-3,73.91E-9,628.5E-3, , , , , , , , 
65.01E-9,1.200,56.94E-9,0.000,62.55E-9,0.000,62.23E-9,0.000,65.28E-9,85.15E-3,67.61E-9,624.2E-3,74.03E-9,652.0E-3, , , , , , , , 
65.01E-9,1.200,56.97E-9,0.000,63.77E-9,0.000,63.48E-9,0.000,65.45E-9,135.5E-3,67.72E-9,650.5E-3,74.13E-9,672.7E-3, , , , , , , , 
65.01E-9,1.200,57.00E-9,0.000,65.00E-9,0.000,65.00E-9,0.000,65.79E-9,236.3E-3,67.81E-9,672.9E-3,74.22E-9,691.8E-3, , , , , , , , 
65.02E-9,1.200,57.06E-9,0.000,65.10E-9,60.27E-3,65.14E-9,56.22E-3,66.16E-9,347.3E-3,67.91E-9,696.0E-3,74.33E-9,711.8E-3, , , , , , , , 
65.02E-9,1.200,57.16E-9,0.000,65.27E-9,161.8E-3,65.38E-9,153.2E-3,66.54E-9,462.0E-3,68.00E-9,718.6E-3,74.45E-9,736.6E-3, , , , , , , , 
65.04E-9,1.200,57.37E-9,0.000,65.48E-9,288.7E-3,65.67E-9,266.5E-3,66.68E-9,504.2E-3,68.09E-9,741.2E-3,74.69E-9,785.4E-3, , , , , , , , 
65.05E-9,1.200,57.78E-9,0.000,65.68E-9,404.4E-3,65.96E-9,381.2E-3,66.80E-9,538.4E-3,68.26E-9,781.3E-3,74.94E-9,835.2E-3, , , , , , , , 
65.06E-9,1.200,58.60E-9,0.000,65.79E-9,473.0E-3,66.15E-9,458.9E-3,66.92E-9,573.8E-3,68.49E-9,836.5E-3,75.31E-9,908.7E-3, , , , , , , , 
65.07E-9,1.200,60.20E-9,0.000,65.87E-9,516.6E-3,66.26E-9,501.0E-3,67.01E-9,602.9E-3,68.78E-9,906.1E-3,75.76E-9,999.0E-3, , , , , , , , 
65.08E-9,1.200,61.80E-9,0.000,65.96E-9,570.4E-3,66.35E-9,537.2E-3,67.12E-9,635.1E-3,69.17E-9,997.7E-3,75.91E-9,1.029, , , , , , , , 
65.09E-9,1.200,63.40E-9,0.000,66.02E-9,610.7E-3,66.44E-9,574.3E-3,67.21E-9,661.4E-3,69.64E-9,1.112,76.21E-9,1.088, , , , , , , , 
65.10E-9,1.200,65.00E-9,0.000,66.06E-9,635.1E-3,66.54E-9,615.7E-3,67.28E-9,683.3E-3,70.01E-9,1.200,76.49E-9,1.144, , , , , , , , 
65.11E-9,1.200,65.08E-9,95.22E-3,66.13E-9,674.5E-3,66.64E-9,652.9E-3,67.37E-9,708.1E-3,70.14E-9,1.200,76.77E-9,1.200, , , , , , , , 
65.13E-9,1.200,65.20E-9,233.0E-3,66.18E-9,702.5E-3,66.71E-9,681.2E-3,67.44E-9,730.2E-3,70.32E-9,1.200,76.86E-9,1.200, , , , , , , , 
65.16E-9,1.200,65.28E-9,331.1E-3,66.22E-9,726.8E-3,66.77E-9,704.1E-3,67.52E-9,754.2E-3,70.47E-9,1.200,77.01E-9,1.200, , , , , , , , 
65.20E-9,1.200,65.38E-9,450.5E-3,66.27E-9,756.0E-3,66.84E-9,733.9E-3,67.65E-9,794.0E-3,70.79E-9,1.200,77.16E-9,1.200, , , , , , , , 
65.28E-9,1.200,65.43E-9,514.0E-3,66.31E-9,780.1E-3,66.90E-9,755.9E-3,67.86E-9,854.6E-3,71.43E-9,1.200,77.44E-9,1.200, , , , , , , , 
65.44E-9,1.200,65.48E-9,565.3E-3,66.35E-9,808.0E-3,66.97E-9,784.2E-3,68.10E-9,928.4E-3,72.69E-9,1.200,78.01E-9,1.200, , , , , , , , 
65.76E-9,1.200,65.52E-9,618.5E-3,66.42E-9,848.4E-3,67.08E-9,828.5E-3,68.43E-9,1.026,74.29E-9,1.200,79.14E-9,1.200, , , , , , , , 
66.40E-9,1.200,65.57E-9,673.4E-3,66.55E-9,922.7E-3,67.27E-9,906.2E-3,68.72E-9,1.113,75.89E-9,1.200,80.00E-9,1.200, , , , , , , , 
67.68E-9,1.200,65.60E-9,707.9E-3,66.70E-9,1.015,67.49E-9,993.5E-3,69.01E-9,1.200,77.49E-9,1.200, , , , , , , , , , 
69.28E-9,1.200,65.62E-9,736.0E-3,66.86E-9,1.108,67.78E-9,1.107,69.11E-9,1.200,78.70E-9,1.200, , , , , , , , , , 
70.88E-9,1.200,65.64E-9,765.8E-3,67.01E-9,1.200,68.01E-9,1.200,69.25E-9,1.200,79.91E-9,1.200, , , , , , , , , , 
72.48E-9,1.200,65.67E-9,792.8E-3,67.06E-9,1.200,68.09E-9,1.200,69.38E-9,1.200,80.00E-9,1.178, , , , , , , , , , 
73.69E-9,1.200,65.69E-9,819.8E-3,67.13E-9,1.200,68.20E-9,1.200,69.63E-9,1.200, , , , , , , , , , , , 
74.91E-9,1.200,65.72E-9,849.7E-3,67.20E-9,1.200,68.29E-9,1.200,70.13E-9,1.200, , , , , , , , , , , , 
74.92E-9,496.8E-3,65.74E-9,882.5E-3,67.33E-9,1.200,68.49E-9,1.200,71.14E-9,1.200, , , , , , , , , , , , 
74.92E-9,0.000,65.78E-9,925.9E-3,67.59E-9,1.200,68.88E-9,1.200,72.74E-9,1.200, , , , , , , , , , , , 
74.92E-9,0.000,65.83E-9,989.5E-3,68.11E-9,1.200,69.67E-9,1.200,74.34E-9,1.200, , , , , , , , , , , , 
74.92E-9,0.000,65.91E-9,1.086,69.15E-9,1.200,71.24E-9,1.200,75.94E-9,1.200, , , , , , , , , , , , 
74.92E-9,0.000,65.96E-9,1.143,70.75E-9,1.200,72.84E-9,1.200,77.54E-9,1.200, , , , , , , , , , , , 
74.92E-9,0.000,66.01E-9,1.200,72.35E-9,1.200,74.44E-9,1.200,78.91E-9,1.200, , , , , , , , , , , , 
74.93E-9,0.000,66.03E-9,1.200,73.95E-9,1.200,76.04E-9,1.200,79.09E-9,1.145, , , , , , , , , , , , 
74.93E-9,0.000,66.05E-9,1.200,75.55E-9,1.200,76.97E-9,1.200,79.41E-9,1.049, , , , , , , , , , , , 
74.95E-9,0.000,66.08E-9,1.200,76.91E-9,1.200,77.91E-9,1.200,79.72E-9,958.4E-3, , , , , , , , , , , , 
74.96E-9,0.000,66.12E-9,1.200,77.02E-9,1.137,78.05E-9,1.143,80.00E-9,873.8E-3, , , , , , , , , , , , 
74.97E-9,0.000,66.22E-9,1.200,77.19E-9,1.033,78.30E-9,1.045, , , , , , , , , , , , , , 
74.98E-9,0.000,66.41E-9,1.200,77.42E-9,897.3E-3,78.52E-9,958.2E-3, , , , , , , , , , , , , , 
74.99E-9,0.000,66.80E-9,1.200,77.68E-9,740.1E-3,78.82E-9,838.9E-3, , , , , , , , , , , , , , 
75.00E-9,0.000,67.57E-9,1.200,77.88E-9,619.5E-3,79.12E-9,718.4E-3, , , , , , , , , , , , , , 
75.01E-9,0.000,69.10E-9,1.200,77.97E-9,569.8E-3,79.30E-9,647.3E-3, , , , , , , , , , , , , , 
75.03E-9,0.000,70.70E-9,1.200,78.06E-9,511.7E-3,79.40E-9,604.9E-3, , , , , , , , , , , , , , 
75.04E-9,0.000,72.30E-9,1.200,78.13E-9,468.9E-3,79.50E-9,567.4E-3, , , , , , , , , , , , , , 
75.07E-9,0.000,73.90E-9,1.200,78.18E-9,443.2E-3,79.59E-9,530.1E-3, , , , , , , , , , , , , , 
75.10E-9,0.000,74.91E-9,1.200,78.21E-9,421.0E-3,79.70E-9,486.4E-3, , , , , , , , , , , , , , 
75.15E-9,0.000,75.91E-9,1.200,78.25E-9,398.2E-3,79.79E-9,448.6E-3, , , , , , , , , , , , , , 
75.25E-9,0.000,75.98E-9,1.122,78.29E-9,375.2E-3,79.86E-9,420.9E-3, , , , , , , , , , , , , , 
75.45E-9,0.000,76.08E-9,1.001,78.34E-9,346.5E-3,79.92E-9,398.5E-3, , , , , , , , , , , , , , 
75.86E-9,0.000,76.22E-9,828.4E-3,78.38E-9,322.6E-3,79.96E-9,382.6E-3, , , , , , , , , , , , , , 
76.66E-9,0.000,76.34E-9,683.9E-3,78.43E-9,291.6E-3,80.00E-9,366.8E-3, , , , , , , , , , , , , , 
78.26E-9,0.000,76.41E-9,606.4E-3,78.51E-9,244.6E-3, , , , , , , , , , , , , , , , 
79.13E-9,0.000,76.45E-9,552.6E-3,78.63E-9,170.3E-3, , , , , , , , , , , , , , , , 
80.00E-9,0.000,76.50E-9,493.7E-3,78.78E-9,85.15E-3, , , , , , , , , , , , , , , , 
 , ,76.55E-9,441.5E-3,78.92E-9,0.000, , , , , , , , , , , , , , , , 
 , ,76.57E-9,413.8E-3,78.97E-9,0.000, , , , , , , , , , , , , , , , 
 , ,76.59E-9,386.6E-3,79.03E-9,0.000, , , , , , , , , , , , , , , , 
 , ,76.62E-9,354.8E-3,79.10E-9,0.000, , , , , , , , , , , , , , , , 
 , ,76.64E-9,329.5E-3,79.22E-9,0.000, , , , , , , , , , , , , , , , 
 , ,76.67E-9,292.7E-3,79.47E-9,0.000, , , , , , , , , , , , , , , , 
 , ,76.70E-9,261.5E-3,79.73E-9,0.000, , , , , , , , , , , , , , , , 
 , ,76.73E-9,228.1E-3,80.00E-9,0.000, , , , , , , , , , , , , , , , 
 , ,76.76E-9,188.0E-3, , , , , , , , , , , , , , , , , , 
 , ,76.81E-9,126.0E-3, , , , , , , , , , , , , , , , , , 
 , ,76.87E-9,63.01E-3, , , , , , , , , , , , , , , , , , 
 , ,76.92E-9,11.32E-15, , , , , , , , , , , , , , , , , , 
 , ,76.94E-9,0.000, , , , , , , , , , , , , , , , , , 
 , ,76.97E-9,0.000, , , , , , , , , , , , , , , , , , 
 , ,77.00E-9,0.000, , , , , , , , , , , , , , , , , , 
 , ,77.05E-9,0.000, , , , , , , , , , , , , , , , , , 
 , ,77.15E-9,0.000, , , , , , , , , , , , , , , , , , 
 , ,77.35E-9,0.000, , , , , , , , , , , , , , , , , , 
 , ,77.75E-9,0.000, , , , , , , , , , , , , , , , , , 
 , ,78.54E-9,0.000, , , , , , , , , , , , , , , , , , 
 , ,80.00E-9,0.000, , , , , , , , , , , , , , , , , , 
