time (s),getData("/net011" ?result "tran") tp 1e-11  (V),time (s),getData("/net011" ?result "tran") tp 1.01e-09  (V),time (s),getData("/net011" ?result "tran") tp 2.01e-09  (V),time (s),getData("/net011" ?result "tran") tp 3.01e-09  (V),time (s),getData("/net011" ?result "tran") tp 4.01e-09  (V),time (s),getData("/net011" ?result "tran") tp 5.01e-09  (V),time (s),getData("/net011" ?result "tran") tp 6.01e-09  (V),time (s),getData("/net011" ?result "tran") tp 7.01e-09  (V),time (s),getData("/net011" ?result "tran") tp 8.01e-09  (V),time (s),getData("/net011" ?result "tran") tp 9.01e-09  (V),time (s),getData("/net011" ?result "tran") tp 1.001e-08  (V)
0.000,1.200,0.000,1.200,0.000,1.200,0.000,1.200,0.000,1.200,0.000,1.200,0.000,1.200,0.000,1.200,0.000,1.200,0.000,1.200,0.000,1.200
80.00E-12,1.200,80.00E-12,1.200,80.00E-12,1.200,80.00E-12,1.200,80.00E-12,1.200,80.00E-12,1.200,80.00E-12,1.200,80.00E-12,1.200,80.00E-12,1.200,80.00E-12,1.200,80.00E-12,1.200
240.0E-12,1.200,240.0E-12,1.200,240.0E-12,1.200,240.0E-12,1.200,240.0E-12,1.200,240.0E-12,1.200,240.0E-12,1.200,240.0E-12,1.200,240.0E-12,1.200,240.0E-12,1.200,240.0E-12,1.200
560.0E-12,1.200,560.0E-12,1.200,560.0E-12,1.200,560.0E-12,1.200,560.0E-12,1.200,560.0E-12,1.200,560.0E-12,1.200,560.0E-12,1.200,560.0E-12,1.200,560.0E-12,1.200,560.0E-12,1.200
1.200E-9,1.200,1.200E-9,1.200,1.200E-9,1.200,1.200E-9,1.200,1.200E-9,1.200,1.200E-9,1.200,1.200E-9,1.200,1.200E-9,1.200,1.200E-9,1.200,1.200E-9,1.200,1.200E-9,1.200
2.480E-9,1.200,2.480E-9,1.200,2.480E-9,1.200,2.480E-9,1.200,2.480E-9,1.200,2.480E-9,1.200,2.480E-9,1.200,2.480E-9,1.200,2.480E-9,1.200,2.480E-9,1.200,2.480E-9,1.200
3.740E-9,1.200,3.740E-9,1.200,3.740E-9,1.200,3.740E-9,1.200,3.740E-9,1.200,3.740E-9,1.200,3.740E-9,1.200,3.740E-9,1.200,3.740E-9,1.200,3.740E-9,1.200,3.740E-9,1.200
5.000E-9,1.200,5.000E-9,1.200,5.000E-9,1.200,5.000E-9,1.200,5.000E-9,1.200,5.000E-9,1.200,5.000E-9,1.200,5.000E-9,1.200,5.000E-9,1.200,5.000E-9,1.200,5.000E-9,1.200
5.006E-9,1.174,5.072E-9,1.200,5.102E-9,1.200,5.131E-9,1.200,5.151E-9,1.200,5.222E-9,1.200,5.243E-9,1.200,5.262E-9,1.200,5.280E-9,1.200,5.297E-9,1.200,5.313E-9,1.200
5.010E-9,1.109,5.181E-9,1.189,5.274E-9,1.195,5.362E-9,1.196,5.431E-9,1.197,5.587E-9,1.196,5.634E-9,1.197,5.677E-9,1.198,5.717E-9,1.198,5.754E-9,1.198,5.789E-9,1.199
5.010E-9,1.096,5.273E-9,1.156,5.490E-9,1.164,5.616E-9,1.179,5.716E-9,1.186,5.908E-9,1.185,5.979E-9,1.189,6.045E-9,1.192,6.105E-9,1.194,6.162E-9,1.195,6.215E-9,1.196
5.011E-9,1.072,5.373E-9,1.076,5.683E-9,1.095,5.906E-9,1.126,6.111E-9,1.142,6.388E-9,1.142,6.569E-9,1.151,6.726E-9,1.159,6.820E-9,1.168,6.910E-9,1.174,6.996E-9,1.179
5.012E-9,1.046,5.429E-9,993.7E-3,5.795E-9,1.020,6.198E-9,1.003,6.488E-9,1.047,6.859E-9,1.045,7.121E-9,1.070,7.360E-9,1.089,7.538E-9,1.109,7.714E-9,1.122,7.889E-9,1.132
5.014E-9,994.6E-3,5.472E-9,886.2E-3,5.867E-9,937.2E-3,6.308E-9,903.7E-3,6.638E-9,974.7E-3,7.038E-9,973.6E-3,7.352E-9,1.007,7.667E-9,1.027,7.981E-9,1.040,8.319E-9,1.046,8.852E-9,1.015
5.017E-9,893.3E-3,5.518E-9,710.9E-3,5.956E-9,761.7E-3,6.444E-9,680.2E-3,6.751E-9,879.0E-3,7.174E-9,879.0E-3,7.518E-9,931.4E-3,7.868E-9,960.2E-3,8.225E-9,976.3E-3,8.603E-9,981.9E-3,9.159E-9,932.0E-3
5.024E-9,699.9E-3,5.562E-9,486.6E-3,6.023E-9,571.7E-3,6.540E-9,469.2E-3,6.878E-9,711.6E-3,7.326E-9,711.8E-3,7.725E-9,763.7E-3,8.038E-9,865.6E-3,8.421E-9,890.0E-3,8.823E-9,898.8E-3,9.405E-9,813.2E-3
5.037E-9,368.9E-3,5.591E-9,331.8E-3,6.064E-9,443.3E-3,6.600E-9,330.5E-3,6.999E-9,506.1E-3,7.472E-9,509.1E-3,7.880E-9,587.7E-3,8.216E-9,716.5E-3,8.640E-9,735.1E-3,9.078E-9,739.6E-3,9.659E-9,640.0E-3
5.047E-9,196.6E-3,5.615E-9,210.6E-3,6.130E-9,244.1E-3,6.676E-9,193.0E-3,7.090E-9,346.0E-3,7.622E-9,299.6E-3,7.976E-9,469.8E-3,8.413E-9,513.5E-3,8.838E-9,557.0E-3,9.294E-9,565.7E-3,9.808E-9,527.5E-3
5.056E-9,97.15E-3,5.641E-9,118.0E-3,6.176E-9,144.2E-3,6.732E-9,134.0E-3,7.184E-9,210.0E-3,7.730E-9,189.6E-3,8.111E-9,311.3E-3,8.587E-9,334.6E-3,9.052E-9,361.3E-3,9.537E-9,366.2E-3,10.01E-9,375.0E-3
5.069E-9,31.49E-3,5.663E-9,73.60E-3,6.217E-9,99.36E-3,6.792E-9,101.2E-3,7.259E-9,147.2E-3,7.822E-9,140.8E-3,8.231E-9,205.7E-3,8.733E-9,218.1E-3,9.214E-9,239.3E-3,9.717E-9,245.3E-3,10.21E-9,255.3E-3
5.079E-9,13.40E-3,5.687E-9,47.95E-3,6.266E-9,71.42E-3,6.863E-9,76.87E-3,7.334E-9,114.3E-3,7.925E-9,110.1E-3,8.336E-9,154.0E-3,8.860E-9,160.8E-3,9.365E-9,171.7E-3,9.888E-9,175.9E-3,10.39E-9,183.6E-3
5.088E-9,5.548E-3,5.712E-9,32.07E-3,6.306E-9,55.99E-3,6.920E-9,61.38E-3,7.429E-9,87.20E-3,8.013E-9,89.89E-3,8.458E-9,119.8E-3,8.993E-9,127.2E-3,9.507E-9,136.8E-3,10.05E-9,140.3E-3,10.57E-9,145.6E-3
5.098E-9,2.109E-3,5.739E-9,21.13E-3,6.353E-9,41.85E-3,7.002E-9,44.13E-3,7.502E-9,70.64E-3,8.114E-9,71.54E-3,8.567E-9,97.30E-3,9.125E-9,102.3E-3,9.675E-9,107.4E-3,10.24E-9,109.8E-3,10.80E-9,111.5E-3
5.112E-9,514.7E-6,5.774E-9,11.64E-3,6.420E-9,26.39E-3,7.161E-9,21.06E-3,7.612E-9,51.25E-3,8.300E-9,46.16E-3,8.683E-9,78.32E-3,9.254E-9,83.09E-3,9.817E-9,87.81E-3,10.40E-9,89.87E-3,10.98E-9,91.27E-3
5.130E-9,47.25E-6,5.825E-9,4.211E-3,6.544E-9,9.100E-3,7.341E-9,6.941E-3,7.823E-9,25.36E-3,8.534E-9,24.54E-3,8.881E-9,53.45E-3,9.489E-9,56.61E-3,10.05E-9,63.49E-3,10.66E-9,65.01E-3,11.26E-9,67.08E-3
5.157E-9,-6.793E-6,5.904E-9,1.037E-3,6.698E-9,1.533E-3,7.597E-9,803.5E-6,8.045E-9,9.871E-3,8.841E-9,8.299E-3,9.151E-9,30.05E-3,9.783E-9,33.50E-3,10.41E-9,36.57E-3,11.05E-9,38.28E-3,11.70E-9,39.09E-3
5.198E-9,3.739E-6,5.957E-9,927.1E-6,6.854E-9,519.4E-6,7.804E-9,390.5E-6,8.363E-9,1.413E-3,9.237E-9,1.117E-3,9.490E-9,12.10E-3,10.17E-9,14.29E-3,10.80E-9,17.77E-3,11.49E-9,19.04E-3,12.17E-9,20.27E-3
5.276E-9,1.343E-6,6.010E-9,809.8E-6,7.010E-9,401.3E-6,8.010E-9,231.7E-6,8.741E-9,279.6E-6,9.624E-9,257.2E-6,9.936E-9,2.137E-3,10.66E-9,3.037E-3,11.36E-9,4.315E-3,12.10E-9,4.910E-3,12.85E-9,5.304E-3
5.431E-9,3.499E-6,6.026E-9,333.7E-6,7.061E-9,74.75E-6,8.086E-9,32.26E-6,9.010E-9,188.3E-6,10.01E-9,145.2E-6,10.50E-9,228.3E-6,11.32E-9,243.2E-6,12.06E-9,376.1E-6,12.88E-9,440.6E-6,13.71E-9,495.9E-6
5.741E-9,1.600E-6,6.054E-9,-28.74E-6,7.133E-9,-34.89E-6,8.186E-9,-16.29E-6,9.110E-9,21.43E-6,10.14E-9,14.04E-6,11.01E-9,132.8E-6,11.66E-9,151.6E-6,12.54E-9,143.2E-6,13.45E-9,135.3E-6,14.36E-9,133.8E-6
6.362E-9,3.203E-6,6.079E-9,4.466E-6,7.198E-9,20.70E-6,8.278E-9,13.85E-6,9.248E-9,-11.12E-6,10.32E-9,-6.456E-6,11.16E-9,11.37E-6,12.01E-9,108.5E-6,13.01E-9,96.52E-6,14.01E-9,85.07E-6,15.01E-9,71.70E-6
7.603E-9,1.874E-6,6.130E-9,515.4E-9,7.328E-9,-10.76E-6,8.462E-9,-6.520E-6,9.370E-9,11.80E-6,10.48E-9,9.205E-6,11.39E-9,-4.783E-6,12.12E-9,12.38E-6,13.15E-9,9.723E-6,14.17E-9,8.054E-6,15.19E-9,6.646E-6
9.203E-9,3.031E-6,6.230E-9,3.768E-6,7.590E-9,13.91E-6,8.830E-9,10.53E-6,9.613E-9,-5.316E-6,10.80E-9,-3.411E-6,11.60E-9,8.258E-6,12.30E-9,-5.233E-6,13.38E-9,-3.471E-6,14.44E-9,-2.231E-6,15.50E-9,-1.119E-6
10.80E-9,1.916E-6,6.432E-9,1.432E-6,8.112E-9,-8.243E-6,9.567E-9,-5.214E-6,10.10E-9,9.638E-6,11.45E-9,7.993E-6,12.00E-9,-2.724E-6,12.47E-9,8.349E-6,13.59E-9,7.260E-6,14.69E-9,6.372E-6,15.78E-9,5.515E-6
12.40E-9,3.027E-6,6.834E-9,3.402E-6,9.157E-9,12.82E-6,11.04E-9,9.968E-6,11.07E-9,-4.446E-6,12.75E-9,-2.906E-6,12.82E-9,7.411E-6,12.81E-9,-2.691E-6,14.02E-9,-1.850E-6,15.18E-9,-1.098E-6,16.35E-9,-343.9E-9
13.66E-9,1.911E-6,7.639E-9,1.588E-6,10.76E-9,-7.658E-6,12.64E-9,-4.832E-6,12.67E-9,9.216E-6,14.35E-9,7.704E-6,14.42E-9,-2.364E-6,13.49E-9,7.328E-6,14.88E-9,6.588E-6,16.18E-9,5.893E-6,17.48E-9,5.182E-6
14.91E-9,3.037E-6,9.239E-9,3.329E-6,12.36E-9,12.33E-6,14.24E-9,9.575E-6,14.27E-9,-4.093E-6,15.95E-9,-2.620E-6,16.02E-9,7.174E-6,14.85E-9,-2.260E-6,16.48E-9,-1.551E-6,17.78E-9,-865.3E-9,19.08E-9,-169.3E-9
14.92E-9,16.92E-3,10.84E-9,1.635E-6,13.96E-9,-7.120E-6,15.84E-9,-4.440E-6,15.87E-9,8.856E-6,17.55E-9,7.422E-6,17.62E-9,-2.104E-6,16.45E-9,7.075E-6,18.08E-9,6.382E-6,19.38E-9,5.715E-6,20.68E-9,5.038E-6
14.92E-9,71.50E-3,12.44E-9,3.283E-6,15.56E-9,11.80E-6,16.88E-9,9.090E-6,17.47E-9,-3.740E-6,18.73E-9,-2.295E-6,19.22E-9,6.920E-6,18.05E-9,-2.008E-6,19.68E-9,-1.334E-6,20.98E-9,-684.7E-9,22.28E-9,-26.10E-9
14.92E-9,83.63E-3,14.04E-9,1.680E-6,16.91E-9,-6.558E-6,17.91E-9,-3.868E-6,18.91E-9,8.493E-6,19.91E-9,7.060E-6,20.06E-9,-1.747E-6,19.65E-9,6.826E-6,21.28E-9,6.171E-6,22.58E-9,5.539E-6,23.59E-9,4.884E-6
14.92E-9,105.3E-3,14.97E-9,3.224E-6,17.02E-9,-368.2E-6,18.03E-9,-248.2E-6,19.11E-9,-185.1E-6,20.13E-9,-149.0E-6,20.91E-9,6.471E-6,20.78E-9,-1.715E-6,22.10E-9,-1.030E-6,23.91E-9,-496.1E-9,24.91E-9,138.1E-9
14.92E-9,129.3E-3,15.91E-9,1.752E-6,17.19E-9,1.285E-6,18.25E-9,-114.9E-6,19.46E-9,232.1E-6,20.48E-9,22.67E-6,21.06E-9,-123.9E-6,21.91E-9,6.494E-6,22.91E-9,5.785E-6,24.21E-9,-82.58E-6,25.23E-9,-74.12E-6
14.92E-9,176.8E-3,15.97E-9,-698.7E-6,17.42E-9,9.430E-3,18.48E-9,1.998E-3,19.77E-9,4.440E-3,20.79E-9,1.435E-3,21.36E-9,-110.5E-6,22.17E-9,-106.4E-6,23.08E-9,-92.95E-6,24.70E-9,-24.68E-6,25.71E-9,-32.73E-6
14.93E-9,270.2E-3,16.07E-9,-58.24E-6,17.68E-9,63.26E-3,18.78E-9,19.52E-3,20.33E-9,48.03E-3,21.41E-9,23.28E-3,21.62E-9,104.7E-6,22.56E-9,-39.36E-6,23.41E-9,-87.61E-6,25.12E-9,343.6E-6,26.15E-9,223.8E-6
14.93E-9,449.4E-3,16.21E-9,19.66E-3,17.88E-9,186.2E-3,19.09E-9,73.57E-3,20.72E-9,142.2E-3,21.92E-9,82.67E-3,22.15E-9,3.680E-3,22.90E-9,437.9E-6,23.70E-9,12.24E-6,25.96E-9,6.366E-3,27.02E-9,4.330E-3
14.95E-9,766.2E-3,16.34E-9,85.97E-3,17.97E-9,298.5E-3,19.29E-9,147.4E-3,20.88E-9,222.1E-3,22.20E-9,152.6E-3,22.95E-9,41.02E-3,23.59E-9,8.339E-3,24.28E-9,1.355E-3,27.03E-9,45.00E-3,28.28E-9,40.36E-3
14.96E-9,966.5E-3,16.41E-9,169.6E-3,18.06E-9,527.5E-3,19.40E-9,223.2E-3,21.00E-9,328.5E-3,22.36E-9,224.4E-3,23.54E-9,123.5E-3,24.39E-9,49.44E-3,25.09E-9,15.57E-3,27.89E-9,132.7E-3,29.25E-9,121.2E-3
14.97E-9,1.072,16.45E-9,271.3E-3,18.13E-9,751.1E-3,19.49E-9,333.5E-3,21.12E-9,503.8E-3,22.50E-9,328.1E-3,23.77E-9,192.9E-3,25.07E-9,144.6E-3,25.91E-9,63.22E-3,28.21E-9,201.6E-3,29.63E-9,186.8E-3
14.98E-9,1.142,16.50E-9,456.3E-3,18.18E-9,889.6E-3,19.59E-9,500.6E-3,21.25E-9,732.2E-3,22.64E-9,488.2E-3,23.94E-9,279.3E-3,25.31E-9,219.5E-3,26.69E-9,187.2E-3,28.44E-9,291.0E-3,29.89E-9,267.5E-3
14.99E-9,1.171,16.55E-9,671.1E-3,18.21E-9,989.2E-3,19.69E-9,736.0E-3,21.37E-9,928.5E-3,22.80E-9,710.7E-3,24.13E-9,448.2E-3,25.50E-9,321.1E-3,26.94E-9,286.7E-3,28.71E-9,458.5E-3,30.20E-9,436.6E-3
15.00E-9,1.186,16.57E-9,792.2E-3,18.25E-9,1.055,19.79E-9,943.2E-3,21.46E-9,1.024,22.94E-9,902.2E-3,24.30E-9,638.9E-3,25.70E-9,490.2E-3,27.16E-9,435.4E-3,28.95E-9,652.1E-3,30.45E-9,617.0E-3
15.01E-9,1.194,16.59E-9,919.3E-3,18.29E-9,1.091,19.86E-9,1.039,21.53E-9,1.061,23.05E-9,1.006,24.42E-9,787.9E-3,25.91E-9,714.3E-3,27.37E-9,620.5E-3,29.21E-9,858.9E-3,30.64E-9,759.0E-3
15.03E-9,1.198,16.62E-9,1.037,18.34E-9,1.119,19.92E-9,1.075,21.60E-9,1.083,23.13E-9,1.047,24.55E-9,934.7E-3,26.10E-9,897.3E-3,27.61E-9,840.2E-3,29.39E-9,969.3E-3,30.84E-9,899.8E-3
15.04E-9,1.199,16.64E-9,1.093,18.38E-9,1.135,19.97E-9,1.096,21.66E-9,1.102,23.25E-9,1.082,24.66E-9,1.010,26.24E-9,995.0E-3,27.78E-9,962.1E-3,29.55E-9,1.021,31.04E-9,986.4E-3
15.07E-9,1.200,16.67E-9,1.134,18.43E-9,1.153,20.02E-9,1.114,21.75E-9,1.123,23.34E-9,1.101,24.77E-9,1.046,26.36E-9,1.036,27.92E-9,1.020,29.72E-9,1.055,31.20E-9,1.026
15.10E-9,1.200,16.70E-9,1.156,18.51E-9,1.172,20.09E-9,1.134,21.92E-9,1.153,23.45E-9,1.122,24.85E-9,1.069,26.47E-9,1.062,28.07E-9,1.052,29.87E-9,1.079,31.34E-9,1.052
15.15E-9,1.200,16.72E-9,1.170,18.63E-9,1.190,20.22E-9,1.160,22.12E-9,1.176,23.66E-9,1.152,24.95E-9,1.089,26.59E-9,1.084,28.21E-9,1.078,30.05E-9,1.101,31.50E-9,1.075
15.25E-9,1.200,16.76E-9,1.182,18.78E-9,1.198,20.38E-9,1.182,22.40E-9,1.194,23.91E-9,1.176,25.09E-9,1.114,26.74E-9,1.107,28.36E-9,1.099,30.40E-9,1.135,31.73E-9,1.101
15.45E-9,1.200,16.80E-9,1.192,18.92E-9,1.199,20.61E-9,1.196,22.66E-9,1.199,24.27E-9,1.194,25.33E-9,1.145,27.04E-9,1.142,28.64E-9,1.131,30.77E-9,1.160,32.09E-9,1.133
15.86E-9,1.200,16.86E-9,1.197,18.97E-9,1.200,20.76E-9,1.199,22.92E-9,1.200,24.60E-9,1.199,25.61E-9,1.170,27.33E-9,1.166,28.96E-9,1.157,31.31E-9,1.184,32.50E-9,1.159
16.66E-9,1.200,16.92E-9,1.199,19.03E-9,1.200,20.92E-9,1.199,23.01E-9,1.200,24.92E-9,1.200,26.00E-9,1.190,27.78E-9,1.188,29.43E-9,1.182,31.97E-9,1.197,33.08E-9,1.183
18.26E-9,1.200,16.94E-9,1.199,19.10E-9,1.200,20.99E-9,1.200,23.14E-9,1.200,25.00E-9,1.200,26.50E-9,1.199,28.32E-9,1.198,30.00E-9,1.196,32.92E-9,1.200,33.82E-9,1.196
19.86E-9,1.200,16.97E-9,1.200,19.22E-9,1.200,21.07E-9,1.200,23.26E-9,1.200,25.06E-9,1.200,26.92E-9,1.200,28.92E-9,1.200,30.46E-9,1.199,33.09E-9,1.200,34.37E-9,1.199
21.46E-9,1.200,17.00E-9,1.200,19.47E-9,1.200,21.15E-9,1.200,23.49E-9,1.200,25.17E-9,1.200,27.02E-9,1.200,29.04E-9,1.200,30.92E-9,1.200,33.36E-9,1.199,34.92E-9,1.200
23.06E-9,1.200,17.06E-9,1.200,19.96E-9,1.200,21.31E-9,1.200,23.96E-9,1.200,25.25E-9,1.200,27.18E-9,1.200,29.24E-9,1.200,31.05E-9,1.200,33.62E-9,1.199,35.03E-9,1.200
24.03E-9,1.200,17.16E-9,1.200,20.95E-9,1.200,21.62E-9,1.200,24.48E-9,1.200,25.40E-9,1.199,27.31E-9,1.199,29.41E-9,1.199,31.23E-9,1.200,34.13E-9,1.194,35.24E-9,1.200
25.00E-9,1.200,17.37E-9,1.200,22.55E-9,1.200,22.25E-9,1.200,25.00E-9,1.200,25.70E-9,1.194,27.58E-9,1.197,29.77E-9,1.196,31.39E-9,1.199,35.06E-9,1.163,35.43E-9,1.199
25.01E-9,1.176,17.78E-9,1.200,23.78E-9,1.200,23.52E-9,1.200,25.10E-9,1.200,26.14E-9,1.168,28.12E-9,1.179,30.47E-9,1.171,31.72E-9,1.198,35.86E-9,1.099,35.81E-9,1.198
25.01E-9,1.110,18.60E-9,1.200,25.00E-9,1.200,25.00E-9,1.200,25.28E-9,1.199,26.60E-9,1.109,28.64E-9,1.134,31.09E-9,1.116,32.37E-9,1.185,36.30E-9,1.034,36.58E-9,1.189
25.01E-9,1.097,20.20E-9,1.200,25.10E-9,1.200,25.14E-9,1.200,25.45E-9,1.197,26.88E-9,1.038,29.22E-9,1.022,31.53E-9,1.041,33.07E-9,1.146,36.56E-9,970.8E-3,37.47E-9,1.154
25.01E-9,1.073,21.80E-9,1.200,25.27E-9,1.195,25.38E-9,1.196,25.79E-9,1.181,27.04E-9,970.4E-3,29.42E-9,941.3E-3,31.75E-9,976.3E-3,33.83E-9,1.055,36.77E-9,884.5E-3,38.38E-9,1.076
25.01E-9,1.047,23.40E-9,1.200,25.48E-9,1.166,25.66E-9,1.173,26.16E-9,1.134,27.18E-9,876.4E-3,29.58E-9,827.6E-3,31.92E-9,889.1E-3,34.10E-9,989.3E-3,37.00E-9,736.7E-3,38.77E-9,1.016
25.01E-9,994.9E-3,24.20E-9,1.200,25.68E-9,1.098,25.95E-9,1.115,26.54E-9,1.024,27.32E-9,719.0E-3,29.74E-9,654.9E-3,32.12E-9,732.3E-3,34.31E-9,906.5E-3,37.23E-9,553.3E-3,39.03E-9,947.0E-3
25.02E-9,892.8E-3,25.00E-9,1.200,25.79E-9,1.023,26.15E-9,1.035,26.69E-9,940.0E-3,27.46E-9,524.4E-3,29.87E-9,498.8E-3,32.30E-9,550.2E-3,34.55E-9,740.4E-3,37.46E-9,366.9E-3,39.27E-9,842.8E-3
25.02E-9,697.8E-3,25.06E-9,1.200,25.87E-9,940.3E-3,26.26E-9,959.7E-3,26.80E-9,822.1E-3,27.61E-9,319.1E-3,30.02E-9,327.6E-3,32.49E-9,348.7E-3,34.76E-9,559.3E-3,37.64E-9,245.1E-3,39.51E-9,689.7E-3
25.04E-9,365.0E-3,25.16E-9,1.194,25.96E-9,763.4E-3,26.35E-9,852.5E-3,26.92E-9,646.7E-3,27.72E-9,200.5E-3,30.14E-9,213.0E-3,32.64E-9,227.7E-3,34.91E-9,416.8E-3,37.80E-9,177.4E-3,39.81E-9,468.8E-3
25.05E-9,194.5E-3,25.28E-9,1.150,26.02E-9,573.5E-3,26.44E-9,687.6E-3,27.01E-9,477.9E-3,27.81E-9,145.8E-3,30.25E-9,156.8E-3,32.77E-9,164.2E-3,35.07E-9,280.2E-3,37.97E-9,140.5E-3,40.02E-9,319.5E-3
25.06E-9,95.73E-3,25.38E-9,1.064,26.06E-9,443.4E-3,26.54E-9,461.0E-3,27.12E-9,294.4E-3,27.91E-9,115.1E-3,30.36E-9,123.3E-3,32.90E-9,130.9E-3,35.23E-9,193.1E-3,38.16E-9,109.5E-3,40.22E-9,215.4E-3
25.07E-9,30.28E-3,25.44E-9,978.1E-3,26.13E-9,243.5E-3,26.64E-9,258.3E-3,27.21E-9,183.8E-3,28.00E-9,92.69E-3,30.48E-9,98.89E-3,33.04E-9,103.7E-3,35.36E-9,151.6E-3,38.32E-9,89.44E-3,40.39E-9,165.4E-3
25.08E-9,12.92E-3,25.48E-9,861.4E-3,26.18E-9,143.7E-3,26.71E-9,154.1E-3,27.28E-9,134.7E-3,28.09E-9,74.84E-3,30.59E-9,80.26E-3,33.16E-9,84.83E-3,35.48E-9,126.4E-3,38.58E-9,65.16E-3,40.63E-9,124.6E-3
25.09E-9,5.323E-3,25.52E-9,681.6E-3,26.22E-9,99.08E-3,26.77E-9,113.3E-3,27.37E-9,104.3E-3,28.26E-9,50.62E-3,30.78E-9,55.78E-3,33.39E-9,58.91E-3,35.61E-9,104.3E-3,38.98E-9,37.72E-3,40.80E-9,101.4E-3
25.10E-9,2.016E-3,25.57E-9,437.4E-3,26.27E-9,71.18E-3,26.84E-9,83.90E-3,27.44E-9,84.44E-3,28.49E-9,27.69E-3,31.05E-9,31.83E-3,33.68E-9,35.15E-3,35.79E-9,82.22E-3,39.41E-9,18.87E-3,41.01E-9,80.64E-3
25.11E-9,479.9E-6,25.60E-9,278.8E-3,26.31E-9,55.82E-3,26.89E-9,67.95E-3,27.52E-9,67.16E-3,28.78E-9,10.49E-3,31.38E-9,13.47E-3,34.05E-9,15.73E-3,36.10E-9,52.58E-3,40.03E-9,4.722E-3,41.43E-9,49.99E-3
25.13E-9,40.75E-6,25.62E-9,171.9E-3,26.35E-9,41.68E-3,26.97E-9,51.38E-3,27.65E-9,45.25E-3,29.17E-9,1.661E-3,31.81E-9,2.601E-3,34.54E-9,3.577E-3,36.42E-9,31.52E-3,40.81E-9,434.0E-6,41.83E-9,29.80E-3
25.16E-9,-6.499E-6,25.65E-9,99.98E-3,26.42E-9,26.20E-3,27.08E-9,31.99E-3,27.85E-9,22.59E-3,29.64E-9,235.6E-6,32.37E-9,259.3E-6,35.18E-9,301.6E-6,36.89E-9,12.39E-3,41.37E-9,127.7E-6,42.44E-9,10.92E-3
25.20E-9,3.859E-6,25.67E-9,62.11E-3,26.55E-9,8.950E-3,27.27E-9,11.33E-3,28.10E-9,7.359E-3,30.01E-9,156.3E-6,32.93E-9,134.9E-6,35.55E-9,153.1E-6,37.47E-9,2.351E-3,41.93E-9,91.08E-6,43.18E-9,1.863E-3
25.28E-9,1.332E-6,25.71E-9,34.53E-3,26.70E-9,1.493E-3,27.49E-9,2.168E-3,28.43E-9,926.2E-6,30.14E-9,15.14E-6,33.09E-9,11.38E-6,35.93E-9,109.6E-6,37.66E-9,1.226E-3,42.09E-9,8.480E-6,43.43E-9,927.7E-6
25.44E-9,3.508E-6,25.73E-9,23.70E-3,26.86E-9,519.9E-6,27.77E-9,329.7E-6,28.72E-9,299.4E-6,30.32E-9,-7.319E-6,33.32E-9,-4.845E-6,36.04E-9,12.16E-6,38.05E-9,303.0E-6,42.36E-9,-2.583E-6,43.92E-9,221.8E-6
25.76E-9,1.595E-6,25.76E-9,14.16E-3,27.01E-9,399.9E-6,28.01E-9,299.6E-6,29.01E-9,180.7E-6,30.47E-9,9.805E-6,33.54E-9,8.370E-6,36.24E-9,-5.149E-6,38.49E-9,141.1E-6,42.60E-9,6.659E-6,44.43E-9,108.3E-6
26.40E-9,3.200E-6,25.80E-9,6.527E-3,27.06E-9,74.54E-6,28.09E-9,40.64E-6,29.11E-9,20.26E-6,30.79E-9,-3.914E-6,33.97E-9,-2.855E-6,36.42E-9,8.356E-6,38.93E-9,93.89E-6,43.10E-9,-1.360E-6,44.93E-9,79.66E-6
27.68E-9,1.884E-6,25.88E-9,1.270E-3,27.13E-9,-34.68E-6,28.20E-9,-22.67E-6,29.25E-9,-10.26E-6,31.43E-9,8.459E-6,34.83E-9,7.550E-6,36.77E-9,-2.729E-6,39.06E-9,9.713E-6,44.09E-9,6.144E-6,45.09E-9,7.627E-6
29.28E-9,3.023E-6,25.95E-9,965.8E-6,27.20E-9,20.55E-6,28.30E-9,18.30E-6,29.38E-9,11.33E-6,32.69E-9,-3.358E-6,36.43E-9,-2.496E-6,37.48E-9,7.379E-6,39.29E-9,-3.417E-6,45.69E-9,-1.111E-6,45.35E-9,-1.853E-6
30.88E-9,1.923E-6,26.01E-9,801.2E-6,27.33E-9,-10.63E-6,28.50E-9,-10.30E-6,29.63E-9,-4.981E-6,34.29E-9,8.145E-6,38.03E-9,7.302E-6,38.91E-9,-2.318E-6,39.49E-9,7.180E-6,47.29E-9,5.954E-6,45.60E-9,6.050E-6
32.48E-9,3.020E-6,26.03E-9,253.7E-6,27.59E-9,13.79E-6,28.89E-9,14.07E-6,30.13E-9,9.349E-6,35.89E-9,-3.049E-6,39.63E-9,-2.228E-6,40.51E-9,7.130E-6,39.91E-9,-1.760E-6,48.89E-9,-917.0E-9,46.09E-9,-799.6E-9
33.69E-9,1.917E-6,26.07E-9,-39.41E-6,28.11E-9,-8.128E-6,29.69E-9,-8.696E-6,31.14E-9,-4.176E-6,37.49E-9,7.840E-6,41.23E-9,7.041E-6,42.11E-9,-2.061E-6,40.73E-9,6.494E-6,50.49E-9,5.765E-6,47.07E-9,5.604E-6
34.91E-9,3.033E-6,26.10E-9,8.201E-6,29.15E-9,12.71E-6,31.28E-9,13.42E-6,32.74E-9,8.949E-6,38.70E-9,-2.703E-6,42.03E-9,-1.849E-6,43.71E-9,6.878E-6,42.33E-9,-1.461E-6,51.83E-9,-715.5E-9,48.67E-9,-582.8E-9
34.92E-9,16.92E-3,26.15E-9,-1.087E-6,30.75E-9,-7.547E-6,32.88E-9,-8.194E-6,34.34E-9,-3.834E-6,39.91E-9,7.457E-6,42.83E-9,6.557E-6,44.77E-9,-1.754E-6,43.93E-9,6.295E-6,52.13E-9,-82.58E-6,50.27E-9,5.440E-6
34.92E-9,71.50E-3,26.27E-9,5.015E-6,32.35E-9,12.22E-6,34.48E-9,12.85E-6,35.94E-9,8.603E-6,40.13E-9,-149.0E-6,42.98E-9,-123.7E-6,45.83E-9,6.521E-6,45.53E-9,-1.249E-6,52.62E-9,-23.88E-6,51.87E-9,-417.5E-9
34.92E-9,83.63E-3,26.51E-9,356.9E-9,33.95E-9,-7.015E-6,36.08E-9,-7.626E-6,37.54E-9,-3.494E-6,40.49E-9,32.94E-6,43.26E-9,-114.0E-6,46.08E-9,-106.5E-6,47.13E-9,6.088E-6,53.04E-9,350.9E-6,53.47E-9,5.279E-6
34.92E-9,105.3E-3,26.98E-9,4.397E-6,35.55E-9,11.70E-6,37.00E-9,12.09E-6,38.91E-9,8.245E-6,40.80E-9,1.541E-3,43.52E-9,75.90E-6,46.46E-9,-48.03E-6,47.98E-9,-959.2E-9,53.89E-9,6.498E-3,54.83E-9,-246.8E-9
34.92E-9,129.3E-3,27.92E-9,628.2E-9,36.91E-9,-6.461E-6,37.91E-9,-6.686E-6,39.11E-9,-185.3E-6,41.43E-9,24.68E-3,44.03E-9,3.113E-3,46.79E-9,363.3E-6,48.83E-9,5.725E-6,54.95E-9,45.32E-3,55.15E-9,-74.10E-6
34.92E-9,176.8E-3,29.52E-9,4.263E-6,37.02E-9,-368.2E-6,38.03E-9,-247.9E-6,39.45E-9,211.5E-6,41.94E-9,85.89E-3,44.86E-9,40.02E-3,47.46E-9,7.071E-3,49.00E-9,-93.01E-6,55.82E-9,133.5E-3,55.66E-9,-26.73E-6
34.93E-9,270.2E-3,31.12E-9,726.7E-9,37.19E-9,5.496E-6,38.24E-9,-141.9E-6,39.76E-9,4.049E-3,42.21E-9,154.9E-3,45.45E-9,120.9E-3,48.28E-9,46.51E-3,49.34E-9,-86.02E-6,56.14E-9,202.8E-3,56.10E-9,262.6E-6
34.93E-9,449.4E-3,32.72E-9,4.166E-6,37.42E-9,9.554E-3,38.45E-9,1.476E-3,40.32E-9,47.12E-3,42.37E-9,227.6E-3,45.68E-9,189.5E-3,48.95E-9,136.5E-3,49.64E-9,23.13E-6,56.37E-9,292.8E-3,56.99E-9,4.906E-3
34.95E-9,766.2E-3,34.32E-9,821.4E-9,37.68E-9,63.53E-3,38.87E-9,30.38E-3,40.72E-9,139.9E-3,42.51E-9,334.4E-3,45.85E-9,274.6E-3,49.21E-9,208.2E-3,50.23E-9,1.543E-3,56.63E-9,460.3E-3,58.23E-9,41.64E-3
34.96E-9,966.5E-3,35.91E-9,4.074E-6,37.88E-9,187.0E-3,39.18E-9,101.2E-3,40.87E-9,218.9E-3,42.65E-9,495.4E-3,46.05E-9,445.2E-3,49.39E-9,302.6E-3,51.03E-9,16.07E-3,56.87E-9,655.1E-3,59.19E-9,124.2E-3
34.97E-9,1.072,35.99E-9,-704.3E-6,37.97E-9,299.8E-3,39.33E-9,173.1E-3,40.99E-9,323.3E-3,42.81E-9,725.2E-3,46.21E-9,633.0E-3,49.60E-9,470.5E-3,51.84E-9,63.99E-3,57.13E-9,859.5E-3,59.56E-9,190.4E-3
34.98E-9,1.142,36.11E-9,1.346E-3,38.06E-9,529.0E-3,39.43E-9,256.8E-3,41.12E-9,498.2E-3,42.94E-9,910.8E-3,46.33E-9,778.5E-3,49.80E-9,675.5E-3,52.62E-9,189.7E-3,57.31E-9,969.6E-3,59.82E-9,273.0E-3
34.99E-9,1.171,36.21E-9,17.99E-3,38.13E-9,752.8E-3,39.55E-9,431.7E-3,41.25E-9,720.9E-3,43.05E-9,1.010,46.47E-9,928.2E-3,50.00E-9,879.2E-3,52.87E-9,291.0E-3,57.47E-9,1.021,60.13E-9,441.4E-3
35.00E-9,1.186,36.33E-9,78.51E-3,38.18E-9,891.5E-3,39.64E-9,622.6E-3,41.37E-9,922.9E-3,43.14E-9,1.049,46.58E-9,1.007,50.14E-9,986.3E-3,53.09E-9,443.1E-3,57.64E-9,1.055,60.38E-9,623.9E-3
35.01E-9,1.194,36.43E-9,219.6E-3,38.21E-9,990.6E-3,39.70E-9,745.0E-3,41.46E-9,1.022,43.22E-9,1.073,46.68E-9,1.044,50.27E-9,1.032,53.30E-9,629.8E-3,57.79E-9,1.079,60.57E-9,769.6E-3
35.03E-9,1.198,36.48E-9,364.1E-3,38.25E-9,1.056,39.78E-9,932.5E-3,41.53E-9,1.060,43.30E-9,1.094,46.77E-9,1.067,50.41E-9,1.066,53.53E-9,841.7E-3,57.97E-9,1.101,60.78E-9,907.3E-3
35.04E-9,1.199,36.53E-9,591.6E-3,38.29E-9,1.092,39.85E-9,1.025,41.60E-9,1.083,43.41E-9,1.115,46.86E-9,1.087,50.53E-9,1.087,53.70E-9,962.7E-3,58.33E-9,1.135,60.97E-9,989.6E-3
35.07E-9,1.200,36.58E-9,847.4E-3,38.34E-9,1.119,39.90E-9,1.067,41.66E-9,1.102,43.62E-9,1.147,47.00E-9,1.111,50.67E-9,1.109,53.84E-9,1.020,58.69E-9,1.160,61.13E-9,1.029
35.10E-9,1.200,36.60E-9,977.6E-3,38.38E-9,1.135,39.98E-9,1.099,41.75E-9,1.123,43.85E-9,1.171,47.24E-9,1.143,50.97E-9,1.143,53.99E-9,1.052,59.24E-9,1.184,61.28E-9,1.054
35.15E-9,1.200,36.63E-9,1.076,38.43E-9,1.153,40.03E-9,1.117,41.92E-9,1.153,44.19E-9,1.191,47.51E-9,1.168,51.25E-9,1.166,54.13E-9,1.078,59.89E-9,1.197,61.43E-9,1.076
35.25E-9,1.200,36.65E-9,1.118,38.51E-9,1.172,40.10E-9,1.135,42.12E-9,1.176,44.61E-9,1.199,47.89E-9,1.189,51.73E-9,1.189,54.28E-9,1.099,60.84E-9,1.200,61.68E-9,1.104
35.45E-9,1.200,36.68E-9,1.143,38.63E-9,1.190,40.21E-9,1.159,42.40E-9,1.194,44.92E-9,1.200,48.38E-9,1.198,52.29E-9,1.198,54.57E-9,1.131,61.00E-9,1.200,62.03E-9,1.134
35.86E-9,1.200,36.70E-9,1.161,38.78E-9,1.198,40.39E-9,1.183,42.66E-9,1.198,45.00E-9,1.200,48.84E-9,1.200,52.84E-9,1.200,54.89E-9,1.157,61.28E-9,1.199,62.46E-9,1.161
36.66E-9,1.200,36.73E-9,1.174,38.92E-9,1.199,40.62E-9,1.196,42.92E-9,1.200,45.06E-9,1.200,48.94E-9,1.200,52.96E-9,1.200,55.35E-9,1.182,61.54E-9,1.199,63.04E-9,1.184
38.26E-9,1.200,36.77E-9,1.186,38.97E-9,1.200,40.77E-9,1.199,43.01E-9,1.200,45.17E-9,1.200,49.10E-9,1.200,53.15E-9,1.200,55.92E-9,1.196,62.05E-9,1.194,63.81E-9,1.197
39.86E-9,1.200,36.82E-9,1.195,39.03E-9,1.200,40.92E-9,1.199,43.14E-9,1.200,45.25E-9,1.200,49.25E-9,1.199,53.32E-9,1.199,56.38E-9,1.199,62.98E-9,1.163,64.33E-9,1.199
41.46E-9,1.200,36.87E-9,1.198,39.10E-9,1.200,40.99E-9,1.200,43.26E-9,1.200,45.40E-9,1.199,49.53E-9,1.196,53.66E-9,1.196,56.84E-9,1.200,63.78E-9,1.099,64.84E-9,1.200
43.06E-9,1.200,36.92E-9,1.199,39.22E-9,1.200,41.07E-9,1.200,43.49E-9,1.200,45.70E-9,1.194,50.10E-9,1.175,54.34E-9,1.174,56.97E-9,1.200,64.22E-9,1.035,64.95E-9,1.200
44.03E-9,1.200,36.94E-9,1.199,39.47E-9,1.200,41.15E-9,1.200,43.96E-9,1.200,46.14E-9,1.168,50.63E-9,1.127,54.95E-9,1.123,57.15E-9,1.200,64.48E-9,970.9E-3,65.15E-9,1.200
45.00E-9,1.200,36.97E-9,1.200,39.96E-9,1.200,41.30E-9,1.200,44.48E-9,1.200,46.60E-9,1.109,51.21E-9,999.0E-3,55.63E-9,987.7E-3,57.31E-9,1.199,64.69E-9,884.7E-3,65.34E-9,1.199
45.01E-9,1.176,36.99E-9,1.200,40.95E-9,1.200,41.62E-9,1.200,45.00E-9,1.200,46.88E-9,1.038,51.40E-9,903.8E-3,55.85E-9,885.7E-3,57.64E-9,1.198,64.92E-9,736.9E-3,65.70E-9,1.198
45.01E-9,1.110,37.04E-9,1.200,42.55E-9,1.200,42.24E-9,1.200,45.10E-9,1.200,47.04E-9,970.5E-3,51.57E-9,762.0E-3,56.04E-9,731.8E-3,58.29E-9,1.185,65.15E-9,553.5E-3,66.44E-9,1.190
45.01E-9,1.097,37.14E-9,1.200,43.77E-9,1.200,43.49E-9,1.200,45.28E-9,1.199,47.18E-9,876.5E-3,51.73E-9,578.8E-3,56.22E-9,546.0E-3,58.99E-9,1.146,65.38E-9,366.9E-3,67.33E-9,1.157
45.01E-9,1.073,37.33E-9,1.200,45.00E-9,1.200,45.00E-9,1.200,45.45E-9,1.197,47.32E-9,719.1E-3,51.85E-9,433.4E-3,56.42E-9,346.0E-3,59.74E-9,1.055,65.56E-9,245.2E-3,68.24E-9,1.084
45.01E-9,1.047,37.72E-9,1.200,45.10E-9,1.200,45.14E-9,1.200,45.79E-9,1.181,47.46E-9,524.7E-3,51.98E-9,283.3E-3,56.56E-9,225.9E-3,60.02E-9,990.3E-3,65.72E-9,177.4E-3,68.65E-9,1.024
45.01E-9,994.9E-3,38.48E-9,1.200,45.27E-9,1.195,45.38E-9,1.196,46.16E-9,1.134,47.61E-9,319.1E-3,52.10E-9,189.9E-3,56.69E-9,163.4E-3,60.23E-9,908.0E-3,65.89E-9,140.5E-3,68.92E-9,958.5E-3
45.02E-9,892.8E-3,40.02E-9,1.200,45.48E-9,1.166,45.67E-9,1.173,46.54E-9,1.024,47.72E-9,200.5E-3,52.20E-9,145.8E-3,56.82E-9,130.2E-3,60.47E-9,741.9E-3,66.08E-9,109.5E-3,69.16E-9,859.1E-3
45.02E-9,697.8E-3,41.62E-9,1.200,45.68E-9,1.098,45.95E-9,1.114,46.68E-9,940.6E-3,47.81E-9,145.8E-3,52.30E-9,118.8E-3,56.96E-9,103.5E-3,60.67E-9,561.4E-3,66.24E-9,89.44E-3,69.41E-9,703.3E-3
45.04E-9,365.0E-3,43.22E-9,1.200,45.79E-9,1.023,46.15E-9,1.034,46.80E-9,823.1E-3,47.91E-9,115.1E-3,52.41E-9,97.62E-3,57.08E-9,84.60E-3,60.82E-9,419.9E-3,66.50E-9,65.16E-3,69.67E-9,509.6E-3
45.05E-9,194.5E-3,44.11E-9,1.200,45.87E-9,940.2E-3,46.26E-9,959.2E-3,46.92E-9,647.8E-3,48.00E-9,92.69E-3,52.53E-9,77.81E-3,57.31E-9,58.47E-3,60.99E-9,282.6E-3,66.90E-9,37.72E-3,69.89E-9,349.8E-3
45.06E-9,95.73E-3,45.00E-9,1.200,45.96E-9,763.3E-3,46.35E-9,851.6E-3,47.01E-9,477.6E-3,48.09E-9,74.85E-3,52.75E-9,50.46E-3,57.60E-9,34.89E-3,61.14E-9,194.4E-3,67.33E-9,18.87E-3,70.09E-9,235.2E-3
45.07E-9,30.28E-3,45.06E-9,1.200,46.02E-9,573.5E-3,46.44E-9,686.8E-3,47.12E-9,293.9E-3,48.26E-9,50.63E-3,53.01E-9,28.66E-3,57.98E-9,15.46E-3,61.28E-9,152.3E-3,67.95E-9,4.723E-3,70.27E-9,174.7E-3
45.08E-9,12.92E-3,45.16E-9,1.193,46.06E-9,443.5E-3,46.54E-9,459.4E-3,47.21E-9,183.4E-3,48.49E-9,27.69E-3,53.36E-9,10.83E-3,58.47E-9,3.487E-3,61.40E-9,127.0E-3,68.73E-9,434.1E-6,70.46E-9,137.4E-3
45.09E-9,5.323E-3,45.30E-9,1.142,46.13E-9,243.6E-3,46.64E-9,257.5E-3,47.28E-9,134.5E-3,48.78E-9,10.50E-3,53.81E-9,1.859E-3,59.11E-9,288.3E-6,61.53E-9,104.6E-3,69.29E-9,127.7E-6,70.66E-9,109.6E-3
45.10E-9,2.016E-3,45.40E-9,1.046,46.18E-9,143.8E-3,46.71E-9,153.8E-3,47.37E-9,104.1E-3,49.17E-9,1.662E-3,53.96E-9,983.3E-6,59.48E-9,153.8E-6,61.70E-9,82.80E-3,69.85E-9,91.08E-6,70.84E-9,89.19E-3
45.11E-9,479.9E-6,45.45E-9,952.0E-3,46.22E-9,99.11E-3,46.77E-9,113.2E-3,47.44E-9,84.32E-3,49.64E-9,235.6E-6,54.25E-9,269.0E-6,59.85E-9,108.5E-6,62.01E-9,52.81E-3,70.01E-9,8.480E-6,71.17E-9,61.67E-3
45.13E-9,40.75E-6,45.49E-9,818.9E-3,46.27E-9,71.21E-3,46.84E-9,83.65E-3,47.52E-9,67.03E-3,50.01E-9,156.3E-6,54.55E-9,174.1E-6,59.96E-9,12.11E-6,62.33E-9,31.86E-3,70.28E-9,-2.583E-6,71.56E-9,38.33E-3
45.16E-9,-6.499E-6,45.53E-9,630.7E-3,46.31E-9,55.84E-3,46.90E-9,67.76E-3,47.65E-9,45.09E-3,50.14E-9,15.14E-6,54.85E-9,127.7E-6,60.15E-9,-5.101E-6,62.80E-9,12.56E-3,70.52E-9,6.659E-6,72.09E-9,17.60E-3
45.20E-9,3.859E-6,45.59E-9,335.3E-3,46.35E-9,41.70E-3,46.97E-9,51.17E-3,47.86E-9,22.48E-3,50.32E-9,-7.321E-6,54.94E-9,15.86E-6,60.33E-9,8.307E-6,63.38E-9,2.433E-3,71.02E-9,-1.360E-6,72.76E-9,4.574E-3
45.28E-9,1.332E-6,45.63E-9,149.9E-3,46.42E-9,26.23E-3,47.08E-9,31.80E-3,48.10E-9,7.287E-3,50.47E-9,9.807E-6,55.10E-9,-7.529E-6,60.68E-9,-2.680E-6,63.57E-9,1.265E-3,72.01E-9,6.144E-6,73.67E-9,336.1E-6
45.44E-9,3.508E-6,45.66E-9,78.44E-3,46.55E-9,8.968E-3,47.27E-9,11.15E-3,48.43E-9,912.0E-6,50.79E-9,-3.915E-6,55.25E-9,9.784E-6,61.39E-9,7.330E-6,63.96E-9,313.9E-6,73.61E-9,-1.111E-6,74.26E-9,134.1E-6
45.76E-9,1.595E-6,45.69E-9,48.46E-3,46.70E-9,1.498E-3,47.49E-9,2.111E-3,48.72E-9,298.9E-6,51.43E-9,8.460E-6,55.54E-9,-3.824E-6,62.80E-9,-2.268E-6,64.40E-9,139.9E-6,75.21E-9,5.954E-6,74.85E-9,64.54E-6
46.40E-9,3.200E-6,45.71E-9,32.27E-3,46.86E-9,519.8E-6,47.77E-9,327.8E-6,49.01E-9,180.6E-6,52.69E-9,-3.360E-6,56.13E-9,8.341E-6,64.40E-9,7.082E-6,64.85E-9,95.39E-6,76.81E-9,-917.1E-9,75.02E-9,6.358E-6
47.68E-9,1.884E-6,45.74E-9,21.73E-3,47.01E-9,400.1E-6,48.01E-9,298.4E-6,49.11E-9,20.25E-6,54.29E-9,8.147E-6,57.30E-9,-3.227E-6,66.00E-9,-2.014E-6,64.98E-9,9.802E-6,78.41E-9,5.765E-6,75.31E-9,-845.3E-9
49.28E-9,3.023E-6,45.77E-9,12.42E-3,47.06E-9,74.56E-6,48.09E-9,40.55E-6,49.25E-9,-10.24E-6,55.89E-9,-3.051E-6,58.90E-9,8.019E-6,67.60E-9,6.833E-6,65.21E-9,-3.496E-6,79.75E-9,-715.5E-9,75.58E-9,5.259E-6
50.88E-9,1.923E-6,45.82E-9,4.662E-3,47.13E-9,-34.71E-6,48.20E-9,-22.56E-6,49.38E-9,11.32E-6,57.49E-9,7.841E-6,60.50E-9,-2.927E-6,68.68E-9,-1.712E-6,65.42E-9,7.248E-6,80.00E-9,-83.23E-6,76.11E-9,-95.80E-9
52.48E-9,3.020E-6,45.90E-9,1.102E-3,47.20E-9,20.57E-6,48.30E-9,18.18E-6,49.63E-9,-4.964E-6,58.70E-9,-2.704E-6,62.10E-9,7.720E-6,69.75E-9,6.483E-6,65.83E-9,-1.824E-6, , ,77.19E-9,4.937E-6
53.69E-9,1.917E-6,45.95E-9,935.3E-6,47.33E-9,-10.65E-6,48.49E-9,-10.18E-6,50.13E-9,9.332E-6,59.91E-9,7.458E-6,63.43E-9,-2.605E-6,70.00E-9,-106.5E-6,66.66E-9,6.556E-6, , ,78.79E-9,68.91E-9
54.91E-9,3.033E-6,46.01E-9,806.3E-6,47.59E-9,13.81E-6,48.89E-9,13.95E-6,51.14E-9,-4.158E-6,60.13E-9,-149.0E-6,64.75E-9,7.378E-6,70.38E-9,-46.52E-6,68.26E-9,-1.522E-6, , ,80.00E-9,4.785E-6
54.92E-9,16.92E-3,46.03E-9,327.8E-6,48.11E-9,-8.142E-6,49.68E-9,-8.571E-6,52.74E-9,8.933E-6,60.49E-9,32.86E-6,65.00E-9,-124.0E-6,70.72E-9,376.2E-6,69.86E-9,6.354E-6, , , , 
54.92E-9,71.50E-3,46.06E-9,-33.59E-6,49.15E-9,12.72E-6,51.26E-9,13.29E-6,54.34E-9,-3.817E-6,60.80E-9,1.540E-3,65.40E-9,15.73E-6,71.39E-9,7.290E-3,71.46E-9,-1.306E-6, , , , 
54.92E-9,83.63E-3,46.08E-9,5.329E-6,50.75E-9,-7.560E-6,52.86E-9,-8.072E-6,55.94E-9,8.587E-6,61.42E-9,24.66E-3,65.75E-9,1.125E-3,72.20E-9,47.02E-3,73.06E-9,6.144E-6, , , , 
54.92E-9,105.3E-3,46.13E-9,89.27E-9,52.35E-9,12.23E-6,54.46E-9,12.73E-6,57.54E-9,-3.479E-6,61.94E-9,85.86E-3,66.46E-9,19.08E-3,72.88E-9,137.9E-3,73.91E-9,-1.012E-6, , , , 
54.92E-9,129.3E-3,46.24E-9,4.074E-6,53.95E-9,-7.027E-6,56.06E-9,-7.510E-6,58.91E-9,8.230E-6,62.21E-9,154.9E-3,67.09E-9,73.47E-3,73.13E-9,210.1E-3,74.75E-9,5.773E-6, , , , 
54.92E-9,176.8E-3,46.44E-9,1.179E-6,55.55E-9,11.71E-6,56.98E-9,11.98E-6,59.11E-9,-185.3E-6,62.37E-9,227.5E-3,67.47E-9,146.8E-3,73.31E-9,305.7E-3,74.92E-9,-93.00E-6, , , , 
54.93E-9,270.2E-3,46.86E-9,3.633E-6,56.91E-9,-6.473E-6,57.91E-9,-6.593E-6,59.45E-9,212.6E-6,62.51E-9,334.3E-3,67.67E-9,216.6E-3,73.52E-9,473.7E-3,75.26E-9,-86.25E-6, , , , 
54.93E-9,449.4E-3,47.68E-9,1.368E-6,57.02E-9,-368.2E-6,58.03E-9,-247.9E-6,59.76E-9,4.070E-3,62.65E-9,495.3E-3,67.83E-9,313.6E-3,73.72E-9,681.4E-3,75.55E-9,21.52E-6, , , , 
54.95E-9,766.2E-3,49.28E-9,3.543E-6,57.19E-9,4.986E-6,58.24E-9,-139.4E-6,60.32E-9,47.17E-3,62.81E-9,725.1E-3,67.99E-9,472.9E-3,73.92E-9,881.3E-3,76.15E-9,1.515E-3, , , , 
54.96E-9,966.5E-3,50.88E-9,1.427E-6,57.42E-9,9.539E-3,58.45E-9,1.522E-3,60.72E-9,140.0E-3,62.94E-9,910.8E-3,68.17E-9,678.9E-3,74.07E-9,987.3E-3,76.94E-9,15.99E-3, , , , 
54.97E-9,1.072,52.48E-9,3.485E-6,57.68E-9,63.50E-3,58.88E-9,31.18E-3,60.87E-9,219.1E-3,63.05E-9,1.010,68.33E-9,875.6E-3,74.19E-9,1.032,77.76E-9,63.87E-3, , , , 
54.98E-9,1.142,54.08E-9,1.483E-6,57.88E-9,186.9E-3,59.19E-9,103.1E-3,60.99E-9,323.6E-3,63.14E-9,1.049,68.46E-9,988.1E-3,74.33E-9,1.067,78.53E-9,189.3E-3, , , , 
54.99E-9,1.171,55.00E-9,3.411E-6,57.97E-9,299.6E-3,59.34E-9,175.1E-3,61.12E-9,498.5E-3,63.22E-9,1.073,68.57E-9,1.035,74.45E-9,1.088,78.79E-9,290.3E-3, , , , 
55.00E-9,1.186,55.91E-9,1.575E-6,58.06E-9,528.8E-3,59.44E-9,259.7E-3,61.25E-9,721.5E-3,63.30E-9,1.094,68.69E-9,1.068,74.60E-9,1.110,79.01E-9,441.9E-3, , , , 
55.01E-9,1.194,55.97E-9,-698.1E-6,58.13E-9,752.6E-3,59.55E-9,434.2E-3,61.37E-9,923.2E-3,63.41E-9,1.115,68.79E-9,1.090,74.90E-9,1.144,79.22E-9,628.3E-3, , , , 
55.03E-9,1.198,56.07E-9,-90.54E-6,58.18E-9,891.3E-3,59.65E-9,625.8E-3,61.46E-9,1.022,63.62E-9,1.147,68.92E-9,1.111,75.18E-9,1.167,79.45E-9,841.4E-3, , , , 
55.04E-9,1.199,56.21E-9,18.74E-3,58.21E-9,990.4E-3,59.70E-9,747.4E-3,61.53E-9,1.060,63.85E-9,1.171,69.15E-9,1.142,75.66E-9,1.189,79.62E-9,962.6E-3, , , , 
55.07E-9,1.200,56.33E-9,83.88E-3,58.25E-9,1.055,59.78E-9,933.8E-3,61.60E-9,1.083,64.19E-9,1.191,69.43E-9,1.168,76.23E-9,1.198,79.76E-9,1.020, , , , 
55.10E-9,1.200,56.40E-9,167.6E-3,58.29E-9,1.092,59.85E-9,1.026,61.66E-9,1.102,64.61E-9,1.199,69.81E-9,1.189,76.76E-9,1.200,79.88E-9,1.047, , , , 
55.15E-9,1.200,56.45E-9,268.6E-3,58.34E-9,1.119,59.90E-9,1.067,61.75E-9,1.123,64.92E-9,1.200,70.30E-9,1.198,76.88E-9,1.200,80.00E-9,1.070, , , , 
55.25E-9,1.200,56.50E-9,454.2E-3,58.38E-9,1.135,59.98E-9,1.099,61.92E-9,1.153,65.00E-9,1.200,70.76E-9,1.200,77.07E-9,1.200, , , , , , 
55.45E-9,1.200,56.55E-9,668.0E-3,58.43E-9,1.153,60.03E-9,1.117,62.12E-9,1.176,65.06E-9,1.200,70.86E-9,1.200,77.23E-9,1.199, , , , , , 
55.86E-9,1.200,56.57E-9,789.8E-3,58.51E-9,1.172,60.10E-9,1.136,62.40E-9,1.194,65.17E-9,1.200,71.02E-9,1.200,77.57E-9,1.196, , , , , , 
56.66E-9,1.200,56.59E-9,917.7E-3,58.63E-9,1.190,60.21E-9,1.159,62.66E-9,1.198,65.25E-9,1.200,71.17E-9,1.199,78.23E-9,1.175, , , , , , 
58.26E-9,1.200,56.62E-9,1.037,58.78E-9,1.198,60.39E-9,1.184,62.92E-9,1.200,65.40E-9,1.199,71.46E-9,1.196,78.84E-9,1.126, , , , , , 
59.86E-9,1.200,56.64E-9,1.093,58.92E-9,1.199,60.62E-9,1.196,63.01E-9,1.200,65.70E-9,1.194,72.03E-9,1.175,79.52E-9,998.0E-3, , , , , , 
61.46E-9,1.200,56.67E-9,1.133,58.97E-9,1.200,60.77E-9,1.199,63.14E-9,1.200,66.14E-9,1.168,72.55E-9,1.126,79.75E-9,899.9E-3, , , , , , 
63.06E-9,1.200,56.70E-9,1.156,59.03E-9,1.200,60.92E-9,1.199,63.26E-9,1.200,66.60E-9,1.109,73.14E-9,996.2E-3,80.00E-9,694.8E-3, , , , , , 
64.03E-9,1.200,56.72E-9,1.170,59.10E-9,1.200,60.99E-9,1.200,63.49E-9,1.200,66.88E-9,1.038,73.33E-9,899.2E-3, , , , , , , , 
65.00E-9,1.200,56.76E-9,1.182,59.22E-9,1.200,61.07E-9,1.200,63.96E-9,1.200,67.04E-9,970.5E-3,73.49E-9,755.6E-3, , , , , , , , 
65.01E-9,1.176,56.80E-9,1.192,59.47E-9,1.200,61.15E-9,1.200,64.48E-9,1.200,67.18E-9,876.5E-3,73.65E-9,572.9E-3, , , , , , , , 
65.01E-9,1.110,56.86E-9,1.197,59.96E-9,1.200,61.30E-9,1.200,65.00E-9,1.200,67.32E-9,719.1E-3,73.78E-9,421.2E-3, , , , , , , , 
65.01E-9,1.097,56.92E-9,1.199,60.95E-9,1.200,61.61E-9,1.200,65.10E-9,1.200,67.46E-9,524.7E-3,73.91E-9,274.1E-3, , , , , , , , 
65.01E-9,1.073,56.94E-9,1.199,62.55E-9,1.200,62.23E-9,1.200,65.28E-9,1.199,67.61E-9,319.1E-3,74.03E-9,185.0E-3, , , , , , , , 
65.01E-9,1.047,56.97E-9,1.200,63.77E-9,1.200,63.48E-9,1.200,65.45E-9,1.197,67.72E-9,200.5E-3,74.13E-9,143.3E-3, , , , , , , , 
65.01E-9,994.9E-3,57.00E-9,1.200,65.00E-9,1.200,65.00E-9,1.200,65.79E-9,1.181,67.81E-9,145.8E-3,74.22E-9,118.4E-3, , , , , , , , 
65.02E-9,892.8E-3,57.06E-9,1.200,65.10E-9,1.200,65.14E-9,1.200,66.16E-9,1.134,67.91E-9,115.1E-3,74.33E-9,97.56E-3, , , , , , , , 
65.02E-9,697.8E-3,57.16E-9,1.200,65.27E-9,1.195,65.38E-9,1.196,66.54E-9,1.024,68.00E-9,92.69E-3,74.45E-9,77.43E-3, , , , , , , , 
65.04E-9,365.0E-3,57.37E-9,1.200,65.48E-9,1.166,65.67E-9,1.172,66.68E-9,940.6E-3,68.09E-9,74.85E-3,74.69E-9,48.11E-3, , , , , , , , 
65.05E-9,194.5E-3,57.78E-9,1.200,65.68E-9,1.098,65.96E-9,1.113,66.80E-9,823.1E-3,68.26E-9,50.63E-3,74.94E-9,27.90E-3, , , , , , , , 
65.06E-9,95.73E-3,58.60E-9,1.200,65.79E-9,1.023,66.15E-9,1.034,66.92E-9,647.8E-3,68.49E-9,27.69E-3,75.31E-9,9.904E-3, , , , , , , , 
65.07E-9,30.28E-3,60.20E-9,1.200,65.87E-9,940.2E-3,66.26E-9,958.8E-3,67.01E-9,477.6E-3,68.78E-9,10.50E-3,75.76E-9,1.590E-3, , , , , , , , 
65.08E-9,12.92E-3,61.80E-9,1.200,65.96E-9,763.4E-3,66.35E-9,850.9E-3,67.12E-9,293.9E-3,69.17E-9,1.662E-3,75.91E-9,840.9E-6, , , , , , , , 
65.09E-9,5.323E-3,63.40E-9,1.200,66.02E-9,573.5E-3,66.44E-9,686.2E-3,67.21E-9,183.4E-3,69.64E-9,235.6E-6,76.21E-9,238.7E-6, , , , , , , , 
65.10E-9,2.016E-3,65.00E-9,1.200,66.06E-9,443.5E-3,66.54E-9,458.1E-3,67.28E-9,134.5E-3,70.01E-9,156.3E-6,76.49E-9,171.6E-6, , , , , , , , 
65.11E-9,479.9E-6,65.08E-9,1.200,66.13E-9,243.6E-3,66.64E-9,256.9E-3,67.37E-9,104.1E-3,70.14E-9,15.14E-6,76.77E-9,128.1E-6, , , , , , , , 
65.13E-9,40.75E-6,65.20E-9,1.186,66.18E-9,143.8E-3,66.71E-9,153.5E-3,67.44E-9,84.33E-3,70.32E-9,-7.321E-6,76.86E-9,16.21E-6, , , , , , , , 
65.16E-9,-6.499E-6,65.28E-9,1.153,66.22E-9,99.10E-3,66.77E-9,113.0E-3,67.52E-9,67.04E-3,70.47E-9,9.807E-6,77.01E-9,-7.683E-6, , , , , , , , 
65.20E-9,3.859E-6,65.38E-9,1.069,66.27E-9,71.21E-3,66.84E-9,83.44E-3,67.65E-9,45.10E-3,70.79E-9,-3.915E-6,77.16E-9,9.816E-6, , , , , , , , 
65.28E-9,1.332E-6,65.43E-9,985.9E-3,66.31E-9,55.84E-3,66.90E-9,67.60E-3,67.86E-9,22.48E-3,71.43E-9,8.460E-6,77.44E-9,-3.818E-6, , , , , , , , 
65.44E-9,3.508E-6,65.48E-9,873.4E-3,66.35E-9,41.69E-3,66.97E-9,50.99E-3,68.10E-9,7.289E-3,72.69E-9,-3.360E-6,78.01E-9,8.321E-6, , , , , , , , 
65.76E-9,1.595E-6,65.52E-9,697.0E-3,66.42E-9,26.22E-3,67.08E-9,31.63E-3,68.43E-9,912.4E-6,74.29E-9,8.147E-6,79.14E-9,-3.199E-6, , , , , , , , 
66.40E-9,3.200E-6,65.57E-9,462.6E-3,66.55E-9,8.965E-3,67.27E-9,11.00E-3,68.72E-9,298.9E-6,75.89E-9,-3.051E-6,80.00E-9,7.856E-6, , , , , , , , 
67.68E-9,1.884E-6,65.60E-9,303.9E-3,66.70E-9,1.497E-3,67.49E-9,2.064E-3,69.01E-9,180.6E-6,77.49E-9,7.841E-6, , , , , , , , , , 
69.28E-9,3.023E-6,65.62E-9,190.0E-3,66.86E-9,519.8E-6,67.78E-9,326.2E-6,69.11E-9,20.25E-6,78.70E-9,-2.704E-6, , , , , , , , , , 
70.88E-9,1.923E-6,65.64E-9,108.5E-3,67.01E-9,400.1E-6,68.01E-9,297.4E-6,69.25E-9,-10.24E-6,79.91E-9,7.458E-6, , , , , , , , , , 
72.48E-9,3.020E-6,65.67E-9,67.79E-3,67.06E-9,74.56E-6,68.09E-9,40.48E-6,69.38E-9,11.32E-6,80.00E-9,-143.2E-6, , , , , , , , , , 
73.69E-9,1.917E-6,65.69E-9,45.56E-3,67.13E-9,-34.70E-6,68.20E-9,-22.46E-6,69.63E-9,-4.964E-6, , , , , , , , , , , , 
74.91E-9,3.033E-6,65.72E-9,30.79E-3,67.20E-9,20.56E-6,68.29E-9,18.07E-6,70.13E-9,9.332E-6, , , , , , , , , , , , 
74.92E-9,16.92E-3,65.74E-9,20.03E-3,67.33E-9,-10.64E-6,68.49E-9,-10.07E-6,71.14E-9,-4.159E-6, , , , , , , , , , , , 
74.92E-9,71.50E-3,65.78E-9,10.58E-3,67.59E-9,13.80E-6,68.88E-9,13.85E-6,72.74E-9,8.933E-6, , , , , , , , , , , , 
74.92E-9,83.63E-3,65.83E-9,3.561E-3,68.11E-9,-8.140E-6,69.67E-9,-8.465E-6,74.34E-9,-3.818E-6, , , , , , , , , , , , 
74.92E-9,105.3E-3,65.91E-9,959.2E-6,69.15E-9,12.72E-6,71.24E-9,13.18E-6,75.94E-9,8.588E-6, , , , , , , , , , , , 
74.92E-9,129.3E-3,65.96E-9,902.8E-6,70.75E-9,-7.558E-6,72.84E-9,-7.968E-6,77.54E-9,-3.479E-6, , , , , , , , , , , , 
74.92E-9,176.8E-3,66.01E-9,818.2E-6,72.35E-9,12.23E-6,74.44E-9,12.63E-6,78.91E-9,8.230E-6, , , , , , , , , , , , 
74.93E-9,270.2E-3,66.03E-9,345.5E-6,73.95E-9,-7.026E-6,76.04E-9,-7.411E-6,79.09E-9,-186.4E-6, , , , , , , , , , , , 
74.93E-9,449.4E-3,66.05E-9,-19.73E-6,75.55E-9,11.71E-6,76.97E-9,11.89E-6,79.41E-9,82.86E-6, , , , , , , , , , , , 
74.95E-9,766.2E-3,66.08E-9,3.285E-6,76.91E-9,-6.471E-6,77.91E-9,-6.512E-6,79.72E-9,3.060E-3, , , , , , , , , , , , 
74.96E-9,966.5E-3,66.12E-9,1.081E-6,77.02E-9,-368.2E-6,78.05E-9,-249.2E-6,80.00E-9,14.75E-3, , , , , , , , , , , , 
74.97E-9,1.072,66.22E-9,3.364E-6,77.19E-9,5.062E-6,78.30E-9,36.96E-6, , , , , , , , , , , , , , 
74.98E-9,1.142,66.41E-9,1.764E-6,77.42E-9,9.541E-3,78.52E-9,2.919E-3, , , , , , , , , , , , , , 
74.99E-9,1.171,66.80E-9,3.102E-6,77.68E-9,63.50E-3,78.82E-9,23.22E-3, , , , , , , , , , , , , , 
75.00E-9,1.186,67.57E-9,1.874E-6,77.88E-9,186.9E-3,79.12E-9,80.39E-3, , , , , , , , , , , , , , 
75.01E-9,1.194,69.10E-9,3.050E-6,77.97E-9,299.7E-3,79.30E-9,150.7E-3, , , , , , , , , , , , , , 
75.03E-9,1.198,70.70E-9,1.907E-6,78.06E-9,528.8E-3,79.40E-9,226.6E-3, , , , , , , , , , , , , , 
75.04E-9,1.199,72.30E-9,3.019E-6,78.13E-9,752.7E-3,79.50E-9,339.8E-3, , , , , , , , , , , , , , 
75.07E-9,1.200,73.90E-9,1.937E-6,78.18E-9,891.3E-3,79.59E-9,507.0E-3, , , , , , , , , , , , , , 
75.10E-9,1.200,74.91E-9,2.980E-6,78.21E-9,990.4E-3,79.70E-9,749.3E-3, , , , , , , , , , , , , , 
75.15E-9,1.200,75.91E-9,1.983E-6,78.25E-9,1.055,79.79E-9,949.8E-3, , , , , , , , , , , , , , 
75.25E-9,1.200,75.98E-9,-700.5E-6,78.29E-9,1.092,79.86E-9,1.041, , , , , , , , , , , , , , 
75.45E-9,1.200,76.08E-9,54.96E-6,78.34E-9,1.119,79.92E-9,1.076, , , , , , , , , , , , , , 
75.86E-9,1.200,76.22E-9,22.85E-3,78.38E-9,1.135,79.96E-9,1.093, , , , , , , , , , , , , , 
76.66E-9,1.200,76.34E-9,93.32E-3,78.43E-9,1.153,80.00E-9,1.107, , , , , , , , , , , , , , 
78.26E-9,1.200,76.41E-9,177.2E-3,78.51E-9,1.172, , , , , , , , , , , , , , , , 
79.13E-9,1.200,76.45E-9,281.8E-3,78.63E-9,1.190, , , , , , , , , , , , , , , , 
80.00E-9,1.200,76.50E-9,465.5E-3,78.78E-9,1.198, , , , , , , , , , , , , , , , 
 , ,76.55E-9,685.0E-3,78.92E-9,1.199, , , , , , , , , , , , , , , , 
 , ,76.57E-9,815.2E-3,78.97E-9,1.200, , , , , , , , , , , , , , , , 
 , ,76.59E-9,938.1E-3,79.03E-9,1.200, , , , , , , , , , , , , , , , 
 , ,76.62E-9,1.046,79.10E-9,1.200, , , , , , , , , , , , , , , , 
 , ,76.64E-9,1.098,79.22E-9,1.200, , , , , , , , , , , , , , , , 
 , ,76.67E-9,1.140,79.47E-9,1.200, , , , , , , , , , , , , , , , 
 , ,76.70E-9,1.159,79.73E-9,1.200, , , , , , , , , , , , , , , , 
 , ,76.73E-9,1.173,80.00E-9,1.200, , , , , , , , , , , , , , , , 
 , ,76.76E-9,1.184, , , , , , , , , , , , , , , , , , 
 , ,76.81E-9,1.194, , , , , , , , , , , , , , , , , , 
 , ,76.87E-9,1.198, , , , , , , , , , , , , , , , , , 
 , ,76.92E-9,1.199, , , , , , , , , , , , , , , , , , 
 , ,76.94E-9,1.199, , , , , , , , , , , , , , , , , , 
 , ,76.97E-9,1.200, , , , , , , , , , , , , , , , , , 
 , ,77.00E-9,1.200, , , , , , , , , , , , , , , , , , 
 , ,77.05E-9,1.200, , , , , , , , , , , , , , , , , , 
 , ,77.15E-9,1.200, , , , , , , , , , , , , , , , , , 
 , ,77.35E-9,1.200, , , , , , , , , , , , , , , , , , 
 , ,77.75E-9,1.200, , , , , , , , , , , , , , , , , , 
 , ,78.54E-9,1.200, , , , , , , , , , , , , , , , , , 
 , ,80.00E-9,1.200, , , , , , , , , , , , , , , , , , 
