time (s),getData("/I2/gnd" ?result "tran") tp 1e-11  (A),time (s),getData("/I2/gnd" ?result "tran") tp 1.01e-09  (A),time (s),getData("/I2/gnd" ?result "tran") tp 2.01e-09  (A),time (s),getData("/I2/gnd" ?result "tran") tp 3.01e-09  (A),time (s),getData("/I2/gnd" ?result "tran") tp 4.01e-09  (A),time (s),getData("/I2/gnd" ?result "tran") tp 5.01e-09  (A),time (s),getData("/I2/gnd" ?result "tran") tp 6.01e-09  (A),time (s),getData("/I2/gnd" ?result "tran") tp 7.01e-09  (A),time (s),getData("/I2/gnd" ?result "tran") tp 8.01e-09  (A),time (s),getData("/I2/gnd" ?result "tran") tp 9.01e-09  (A),time (s),getData("/I2/gnd" ?result "tran") tp 1.001e-08  (A)
0.000,-46.68E-9,75.98E-9,339.7E-9,0.000,-46.68E-9,0.000,-46.68E-9,0.000,-46.68E-9,0.000,-46.68E-9,0.000,-46.68E-9,0.000,-46.68E-9,0.000,-46.68E-9,0.000,-46.68E-9,0.000,-46.68E-9
80.00E-12,-46.68E-9,15.97E-9,339.5E-9,80.00E-12,-46.68E-9,80.00E-12,-46.68E-9,80.00E-12,-46.68E-9,80.00E-12,-46.68E-9,80.00E-12,-46.68E-9,80.00E-12,-46.68E-9,80.00E-12,-46.68E-9,80.00E-12,-46.68E-9,80.00E-12,-46.68E-9
240.0E-12,-46.68E-9,55.97E-9,339.4E-9,240.0E-12,-46.68E-9,240.0E-12,-46.68E-9,240.0E-12,-46.68E-9,240.0E-12,-46.68E-9,240.0E-12,-46.68E-9,240.0E-12,-46.68E-9,240.0E-12,-46.68E-9,240.0E-12,-46.68E-9,240.0E-12,-46.68E-9
560.0E-12,-46.68E-9,35.99E-9,338.3E-9,560.0E-12,-46.68E-9,560.0E-12,-46.68E-9,560.0E-12,-46.68E-9,560.0E-12,-46.68E-9,560.0E-12,-46.68E-9,560.0E-12,-46.68E-9,560.0E-12,-46.68E-9,560.0E-12,-46.68E-9,560.0E-12,-46.68E-9
1.200E-9,-46.68E-9,56.07E-9,149.4E-9,1.200E-9,-46.68E-9,1.200E-9,-46.68E-9,1.200E-9,-46.68E-9,1.200E-9,-46.68E-9,1.200E-9,-46.68E-9,1.200E-9,-46.68E-9,1.200E-9,-46.68E-9,1.200E-9,-46.68E-9,1.200E-9,-46.68E-9
2.480E-9,-46.68E-9,16.07E-9,140.4E-9,2.480E-9,-46.68E-9,2.480E-9,-46.68E-9,2.480E-9,-46.68E-9,2.480E-9,-46.68E-9,2.480E-9,-46.68E-9,2.480E-9,-46.68E-9,2.480E-9,-46.68E-9,2.480E-9,-46.68E-9,2.480E-9,-46.68E-9
3.740E-9,-46.68E-9,76.08E-9,109.0E-9,3.740E-9,-46.68E-9,3.740E-9,-46.68E-9,3.740E-9,-46.68E-9,3.740E-9,-46.68E-9,3.740E-9,-46.68E-9,3.740E-9,-46.68E-9,3.740E-9,-46.68E-9,3.740E-9,-46.68E-9,3.740E-9,-46.68E-9
5.000E-9,-46.68E-9,36.92E-9,65.14E-9,5.000E-9,-46.68E-9,5.000E-9,-46.68E-9,5.000E-9,-46.68E-9,5.000E-9,-46.68E-9,5.000E-9,-46.68E-9,5.000E-9,-46.68E-9,5.000E-9,-46.68E-9,5.000E-9,-46.68E-9,5.000E-9,-46.68E-9
5.006E-9,-67.21E-6,76.92E-9,56.96E-9,5.102E-9,-250.6E-9,5.131E-9,-196.2E-9,5.151E-9,-163.1E-9,5.222E-9,-184.2E-9,5.243E-9,-164.2E-9,5.262E-9,-149.9E-9,5.280E-9,-139.3E-9,5.297E-9,-130.9E-9,5.313E-9,-124.2E-9
5.010E-9,-122.7E-6,16.92E-9,47.39E-9,5.274E-9,-1.629E-6,5.362E-9,-1.153E-6,5.431E-9,-856.2E-9,5.587E-9,-1.055E-6,5.634E-9,-804.5E-9,5.677E-9,-649.0E-9,5.717E-9,-544.7E-9,5.754E-9,-470.8E-9,5.789E-9,-415.9E-9
5.010E-9,-102.6E-6,56.92E-9,45.42E-9,5.490E-9,-8.233E-6,5.616E-9,-5.129E-6,5.716E-9,-3.455E-6,5.908E-9,-3.602E-6,5.979E-9,-2.636E-6,6.045E-9,-2.029E-6,6.105E-9,-1.624E-6,6.162E-9,-1.342E-6,6.215E-9,-1.137E-6
5.011E-9,-101.8E-6,26.07E-9,11.03E-9,5.683E-9,-17.57E-6,5.906E-9,-13.60E-6,6.111E-9,-11.24E-6,6.388E-9,-11.20E-6,6.569E-9,-9.713E-6,6.726E-9,-8.380E-6,6.820E-9,-6.791E-6,6.910E-9,-5.615E-6,6.996E-9,-4.725E-6
5.012E-9,-101.2E-6,46.06E-9,9.358E-9,5.795E-9,-23.05E-6,6.198E-9,-23.10E-6,6.488E-9,-20.53E-6,6.859E-9,-20.49E-6,7.121E-9,-18.69E-6,7.360E-9,-17.07E-6,7.538E-9,-15.08E-6,7.714E-9,-13.52E-6,7.889E-9,-12.29E-6
5.014E-9,-99.72E-6,6.054E-9,8.016E-9,5.867E-9,-26.13E-6,6.308E-9,-25.96E-6,6.638E-9,-23.91E-6,7.038E-9,-23.70E-6,7.352E-9,-22.35E-6,7.667E-9,-21.33E-6,7.981E-9,-20.53E-6,8.319E-9,-20.17E-6,8.852E-9,-21.68E-6
5.017E-9,-96.96E-6,66.05E-9,5.452E-9,5.956E-9,-28.56E-6,6.444E-9,-27.69E-6,6.751E-9,-25.82E-6,7.174E-9,-25.49E-6,7.518E-9,-24.52E-6,7.868E-9,-23.78E-6,8.225E-9,-23.24E-6,8.603E-9,-23.00E-6,9.159E-9,-24.11E-6
5.024E-9,-90.61E-6,55.00E-9,-645.0E-12,6.023E-9,-29.16E-6,6.540E-9,-27.47E-6,6.878E-9,-26.88E-6,7.326E-9,-26.43E-6,7.725E-9,-26.00E-6,8.038E-9,-25.23E-6,8.421E-9,-24.87E-6,8.823E-9,-24.67E-6,9.405E-9,-25.22E-6
5.037E-9,-69.88E-6,52.48E-9,-667.2E-12,6.064E-9,-28.85E-6,6.600E-9,-26.41E-6,6.999E-9,-26.77E-6,7.472E-9,-26.25E-6,7.880E-9,-26.07E-6,8.216E-9,-25.86E-6,8.640E-9,-25.66E-6,9.078E-9,-25.52E-6,9.659E-9,-25.40E-6
5.047E-9,-44.16E-6,49.28E-9,-684.5E-12,6.130E-9,-25.87E-6,6.676E-9,-22.47E-6,7.090E-9,-25.79E-6,7.622E-9,-24.70E-6,7.976E-9,-25.73E-6,8.413E-9,-25.64E-6,8.838E-9,-25.55E-6,9.294E-9,-25.40E-6,9.808E-9,-25.17E-6
5.056E-9,-25.49E-6,26.15E-9,-691.1E-12,6.176E-9,-20.08E-6,6.732E-9,-18.65E-6,7.184E-9,-22.71E-6,7.730E-9,-21.49E-6,8.111E-9,-24.53E-6,8.587E-9,-24.55E-6,9.052E-9,-24.61E-6,9.537E-9,-24.50E-6,10.01E-9,-24.44E-6
5.069E-9,-8.125E-6,14.97E-9,-703.5E-12,6.217E-9,-16.00E-6,6.792E-9,-15.93E-6,7.259E-9,-19.31E-6,7.822E-9,-18.73E-6,8.231E-9,-21.94E-6,8.733E-9,-22.27E-6,9.214E-9,-22.77E-6,9.717E-9,-22.81E-6,10.21E-9,-22.93E-6
5.079E-9,-4.434E-6,46.86E-9,-711.5E-12,6.266E-9,-12.80E-6,6.863E-9,-13.30E-6,7.334E-9,-16.94E-6,7.925E-9,-16.52E-6,8.336E-9,-19.48E-6,8.860E-9,-19.75E-6,9.365E-9,-20.25E-6,9.888E-9,-20.41E-6,10.39E-9,-20.71E-6
5.088E-9,-972.4E-9,12.44E-9,-721.0E-12,6.306E-9,-10.81E-6,6.920E-9,-11.52E-6,7.429E-9,-14.38E-6,8.013E-9,-14.65E-6,8.458E-9,-17.22E-6,8.993E-9,-17.75E-6,9.507E-9,-18.38E-6,10.05E-9,-18.57E-6,10.57E-9,-18.85E-6
5.098E-9,-1.247E-6,9.239E-9,-734.8E-12,6.353E-9,-8.625E-6,7.002E-9,-8.872E-6,7.502E-9,-12.63E-6,8.114E-9,-12.66E-6,8.567E-9,-15.36E-6,9.125E-9,-15.75E-6,9.675E-9,-16.15E-6,10.24E-9,-16.34E-6,10.80E-9,-16.47E-6
5.112E-9,478.6E-9,6.834E-9,-756.9E-12,6.420E-9,-5.948E-6,7.161E-9,-4.938E-6,7.612E-9,-9.937E-6,8.300E-9,-9.212E-6,8.683E-9,-13.39E-6,9.254E-9,-13.93E-6,9.817E-9,-14.44E-6,10.40E-9,-14.63E-6,10.98E-9,-14.75E-6
5.130E-9,-647.4E-9,74.91E-9,-771.2E-12,6.544E-9,-2.313E-6,7.341E-9,-1.727E-6,7.823E-9,-5.744E-6,8.534E-9,-5.532E-6,8.881E-9,-10.30E-6,9.489E-9,-10.69E-6,10.05E-9,-11.56E-6,10.66E-9,-11.75E-6,11.26E-9,-12.01E-6
5.157E-9,631.7E-9,72.30E-9,-782.4E-12,6.698E-9,-501.9E-9,7.597E-9,-345.2E-9,8.045E-9,-2.411E-6,8.841E-9,-2.088E-6,9.151E-9,-6.525E-6,9.783E-9,-7.162E-6,10.41E-9,-7.709E-6,11.05E-9,-7.984E-6,11.70E-9,-8.108E-6
5.198E-9,-632.3E-9,69.10E-9,-791.8E-12,6.854E-9,-201.8E-9,7.804E-9,-83.18E-9,8.363E-9,-479.4E-9,9.237E-9,-349.4E-9,9.490E-9,-2.965E-6,10.17E-9,-3.406E-6,10.80E-9,-4.109E-6,11.49E-9,-4.371E-6,12.17E-9,-4.630E-6
5.276E-9,629.9E-9,66.80E-9,-807.4E-12,7.010E-9,-206.8E-9,8.010E-9,-192.1E-9,8.741E-9,-56.99E-9,9.624E-9,-87.81E-9,9.936E-9,-589.5E-9,10.66E-9,-848.6E-9,11.36E-9,-1.192E-6,12.10E-9,-1.330E-6,12.85E-9,-1.412E-6
5.431E-9,-632.0E-9,46.24E-9,-843.2E-12,7.061E-9,-22.05E-9,8.086E-9,-9.741E-9,9.010E-9,-150.4E-9,10.01E-9,-85.98E-9,10.50E-9,-97.22E-9,11.32E-9,-65.22E-9,12.06E-9,-73.14E-9,12.88E-9,-94.45E-9,13.71E-9,-120.9E-9
5.741E-9,629.8E-9,6.230E-9,-865.6E-12,7.133E-9,9.724E-9,8.186E-9,4.328E-9,9.110E-9,-6.604E-9,10.14E-9,-4.460E-9,11.01E-9,-55.33E-9,11.66E-9,-88.93E-9,12.54E-9,-110.2E-9,13.45E-9,-100.4E-9,14.36E-9,-85.60E-9
6.362E-9,-632.0E-9,66.22E-9,-885.3E-12,7.198E-9,-6.326E-9,8.278E-9,-4.386E-9,9.248E-9,2.841E-9,10.32E-9,1.485E-9,11.16E-9,-3.686E-9,12.01E-9,-28.81E-9,13.01E-9,4.016E-9,14.01E-9,3.909E-9,15.01E-9,-3.355E-9
7.603E-9,629.7E-9,35.91E-9,-897.2E-12,7.328E-9,2.530E-9,8.462E-9,1.444E-9,9.370E-9,-3.815E-9,10.48E-9,-3.066E-9,11.39E-9,1.003E-9,12.12E-9,-3.978E-9,13.15E-9,-3.206E-9,14.17E-9,-2.723E-9,15.19E-9,-2.316E-9
9.203E-9,-631.9E-9,32.72E-9,-924.5E-12,7.590E-9,-4.121E-9,8.830E-9,-3.353E-9,9.613E-9,1.137E-9,10.80E-9,595.3E-12,11.60E-9,-2.797E-9,12.30E-9,1.129E-9,13.38E-9,618.8E-12,14.44E-9,258.9E-12,15.50E-9,-64.58E-12
10.80E-9,629.7E-9,29.52E-9,-953.2E-12,8.112E-9,1.627E-9,9.567E-9,997.8E-12,10.10E-9,-3.150E-9,11.45E-9,-2.695E-9,12.00E-9,404.9E-12,12.47E-9,-2.818E-9,13.59E-9,-2.505E-9,14.69E-9,-2.247E-9,15.78E-9,-1.997E-9
12.40E-9,-631.9E-9,26.98E-9,-994.5E-12,9.157E-9,-3.709E-9,11.04E-9,-3.145E-9,11.07E-9,839.2E-12,12.75E-9,424.3E-12,12.82E-9,-2.538E-9,12.81E-9,389.0E-12,14.02E-9,150.1E-12,15.18E-9,-66.89E-12,16.35E-9,-286.6E-12
13.66E-9,629.7E-9,46.13E-9,-1.117E-9,10.76E-9,1.410E-9,12.64E-9,868.9E-12,12.67E-9,-2.998E-9,14.35E-9,-2.596E-9,14.42E-9,282.7E-12,13.49E-9,-2.507E-9,14.88E-9,-2.300E-9,16.18E-9,-2.102E-9,17.48E-9,-1.896E-9
14.91E-9,-631.9E-9,6.130E-9,-1.136E-9,12.36E-9,-3.542E-9,14.24E-9,-3.025E-9,14.27E-9,728.1E-12,15.95E-9,338.1E-12,16.02E-9,-2.459E-9,14.85E-9,245.1E-12,16.48E-9,51.65E-12,17.78E-9,-141.0E-12,19.08E-9,-340.8E-12
14.92E-9,10.53E-6,26.51E-9,-1.164E-9,13.96E-9,1.247E-9,15.84E-9,751.9E-12,15.87E-9,-2.890E-9,17.55E-9,-2.512E-9,17.62E-9,205.2E-12,16.45E-9,-2.422E-9,18.08E-9,-2.234E-9,19.38E-9,-2.047E-9,20.68E-9,-1.853E-9
14.92E-9,7.717E-6,66.12E-9,-1.173E-9,15.56E-9,-3.384E-9,16.88E-9,-2.881E-9,17.47E-9,622.9E-12,18.73E-9,242.5E-12,19.22E-9,-2.383E-9,18.05E-9,169.2E-12,19.68E-9,-12.79E-12,20.98E-9,-194.5E-12,22.28E-9,-383.1E-12
14.92E-9,-3.119E-6,26.27E-9,-1.181E-9,16.91E-9,1.080E-9,17.91E-9,583.2E-12,18.91E-9,-2.782E-9,19.91E-9,-2.405E-9,20.06E-9,100.6E-12,19.65E-9,-2.348E-9,21.28E-9,-2.172E-9,22.58E-9,-1.995E-9,23.59E-9,-1.808E-9
14.92E-9,-3.087E-6,27.92E-9,-1.247E-9,17.02E-9,176.1E-9,18.03E-9,118.8E-9,19.11E-9,88.33E-9,20.13E-9,71.13E-9,20.91E-9,-2.252E-9,20.78E-9,83.14E-12,22.10E-9,-101.8E-12,23.91E-9,-250.0E-12,24.91E-9,-431.4E-12
14.92E-9,-3.063E-6,31.12E-9,-1.277E-9,17.19E-9,62.68E-9,18.25E-9,75.46E-9,19.46E-9,-34.07E-9,20.48E-9,18.78E-9,21.06E-9,59.68E-9,21.91E-9,-2.250E-9,22.91E-9,-2.058E-9,24.21E-9,39.45E-9,25.23E-9,35.44E-9
14.92E-9,-3.003E-6,34.32E-9,-1.305E-9,17.42E-9,-2.268E-6,18.48E-9,-496.5E-9,19.77E-9,-1.122E-6,20.79E-9,-366.5E-9,21.36E-9,53.98E-9,22.17E-9,50.86E-9,23.08E-9,44.74E-9,24.70E-9,21.34E-9,25.71E-9,22.34E-9
14.93E-9,-2.903E-6,66.08E-9,-1.343E-9,17.68E-9,-11.29E-6,18.78E-9,-4.439E-6,20.33E-9,-9.344E-6,21.41E-9,-5.202E-6,21.62E-9,-8.889E-9,22.56E-9,29.64E-9,23.41E-9,42.10E-9,25.12E-9,-83.53E-9,26.15E-9,-51.47E-9
14.93E-9,-2.695E-6,66.41E-9,-1.385E-9,17.88E-9,-19.39E-6,19.09E-9,-12.58E-6,20.72E-9,-18.11E-6,21.92E-9,-13.63E-6,22.15E-9,-944.7E-9,22.90E-9,-105.4E-9,23.70E-9,12.37E-9,25.96E-9,-1.606E-6,27.02E-9,-1.115E-6
14.95E-9,-2.172E-6,67.57E-9,-1.418E-9,17.97E-9,-20.13E-6,19.29E-9,-18.20E-6,20.88E-9,-20.62E-6,22.20E-9,-18.66E-6,22.95E-9,-8.314E-6,23.59E-9,-2.065E-6,24.28E-9,-355.0E-9,27.03E-9,-8.944E-6,28.28E-9,-8.226E-6
14.96E-9,-1.378E-6,6.432E-9,-1.426E-9,18.06E-9,-19.49E-6,19.40E-9,-20.39E-6,21.00E-9,-21.40E-6,22.36E-9,-20.85E-6,23.54E-9,-17.08E-6,24.39E-9,-9.592E-6,25.09E-9,-3.662E-6,27.89E-9,-17.74E-6,29.25E-9,-17.00E-6
14.97E-9,-835.1E-9,70.70E-9,-1.428E-9,18.13E-9,-18.80E-6,19.49E-9,-20.91E-6,21.12E-9,-21.31E-6,22.50E-9,-21.65E-6,23.77E-9,-20.23E-6,25.07E-9,-18.39E-6,25.91E-9,-11.46E-6,28.21E-9,-20.63E-6,29.63E-9,-20.23E-6
14.98E-9,-423.8E-9,73.90E-9,-1.437E-9,18.18E-9,-18.39E-6,19.59E-9,-20.69E-6,21.25E-9,-21.32E-6,22.64E-9,-21.78E-6,23.94E-9,-21.61E-6,25.31E-9,-20.94E-6,26.69E-9,-20.24E-6,28.44E-9,-21.99E-6,29.89E-9,-21.85E-6
14.99E-9,-237.1E-9,75.91E-9,-1.451E-9,18.21E-9,-17.47E-6,19.69E-9,-20.43E-6,21.37E-9,-20.64E-6,22.80E-9,-21.84E-6,24.13E-9,-22.05E-6,25.50E-9,-21.97E-6,26.94E-9,-21.86E-6,28.71E-9,-22.55E-6,30.20E-9,-22.62E-6
15.00E-9,-138.0E-9,46.44E-9,-1.464E-9,18.25E-9,-16.15E-6,19.79E-9,-19.62E-6,21.46E-9,-19.42E-6,22.94E-9,-21.43E-6,24.30E-9,-22.19E-6,25.70E-9,-22.30E-6,27.16E-9,-22.41E-6,28.95E-9,-22.83E-6,30.45E-9,-22.92E-6
15.01E-9,-88.80E-9,7.639E-9,-1.473E-9,18.29E-9,-14.36E-6,19.86E-9,-18.16E-6,21.53E-9,-17.70E-6,23.05E-9,-20.31E-6,24.42E-9,-22.16E-6,25.91E-9,-22.48E-6,27.37E-9,-22.62E-6,29.21E-9,-22.69E-6,30.64E-9,-23.00E-6
15.03E-9,-60.01E-9,10.84E-9,-1.487E-9,18.34E-9,-12.14E-6,19.92E-9,-16.42E-6,21.60E-9,-16.27E-6,23.13E-9,-18.77E-6,24.55E-9,-21.65E-6,26.10E-9,-22.15E-6,27.61E-9,-22.59E-6,29.39E-9,-21.88E-6,30.84E-9,-22.69E-6
15.04E-9,-51.36E-9,14.04E-9,-1.501E-9,18.38E-9,-10.20E-6,19.97E-9,-14.82E-6,21.66E-9,-14.52E-6,23.25E-9,-16.54E-6,24.66E-9,-20.49E-6,26.24E-9,-21.10E-6,27.78E-9,-21.82E-6,29.55E-9,-20.49E-6,31.04E-9,-21.66E-6
15.07E-9,-45.86E-9,47.68E-9,-1.522E-9,18.43E-9,-7.984E-6,20.02E-9,-13.08E-6,21.75E-9,-12.45E-6,23.34E-9,-14.85E-6,24.77E-9,-18.99E-6,26.36E-9,-19.62E-6,27.92E-9,-20.49E-6,29.72E-9,-18.72E-6,31.20E-9,-20.30E-6
15.10E-9,-47.81E-9,15.91E-9,-1.522E-9,18.51E-9,-4.890E-6,20.09E-9,-10.90E-6,21.92E-9,-8.452E-6,23.45E-9,-12.66E-6,24.85E-9,-17.60E-6,26.47E-9,-18.15E-6,28.07E-9,-18.79E-6,29.87E-9,-17.09E-6,31.34E-9,-18.95E-6
15.15E-9,-45.53E-9,50.88E-9,-1.540E-9,18.63E-9,-1.705E-6,20.22E-9,-7.203E-6,22.12E-9,-4.700E-6,23.66E-9,-8.736E-6,24.95E-9,-16.05E-6,26.59E-9,-16.55E-6,28.21E-9,-17.11E-6,30.05E-9,-15.16E-6,31.50E-9,-17.42E-6
15.25E-9,-47.84E-9,54.08E-9,-1.556E-9,18.78E-9,-223.7E-9,20.38E-9,-3.470E-6,22.40E-9,-1.216E-6,23.91E-9,-4.858E-6,25.09E-9,-13.70E-6,26.74E-9,-14.48E-6,28.36E-9,-15.29E-6,30.40E-9,-11.32E-6,31.73E-9,-15.14E-6
15.45E-9,-45.52E-9,55.91E-9,-1.583E-9,18.92E-9,-33.27E-9,20.61E-9,-669.6E-9,22.66E-9,-303.2E-9,24.27E-9,-1.286E-6,25.33E-9,-9.874E-6,27.04E-9,-10.33E-6,28.64E-9,-11.80E-6,30.77E-9,-7.718E-6,32.09E-9,-11.68E-6
15.86E-9,-47.84E-9,6.079E-9,-1.590E-9,18.97E-9,-47.72E-9,20.76E-9,-176.1E-9,22.92E-9,39.78E-9,24.60E-9,-272.2E-9,25.61E-9,-5.952E-6,27.33E-9,-6.679E-6,28.96E-9,-8.129E-6,31.31E-9,-3.372E-6,32.50E-9,-7.909E-6
16.66E-9,-45.52E-9,46.08E-9,-1.755E-9,19.03E-9,-46.26E-9,20.92E-9,9.067E-9,23.01E-9,-46.97E-9,24.92E-9,-5.889E-9,26.00E-9,-2.145E-6,27.78E-9,-2.524E-6,29.43E-9,-3.861E-6,31.97E-9,-773.6E-9,33.08E-9,-3.675E-6
18.26E-9,-47.84E-9,26.10E-9,-2.560E-9,19.10E-9,-46.85E-9,20.99E-9,-47.17E-9,23.14E-9,-46.50E-9,25.00E-9,-46.93E-9,26.50E-9,-290.5E-9,28.32E-9,-464.3E-9,30.00E-9,-938.1E-9,32.92E-9,-27.96E-9,33.82E-9,-844.5E-9
19.86E-9,-45.52E-9,56.97E-9,-46.58E-9,19.22E-9,-46.57E-9,21.07E-9,-46.44E-9,23.26E-9,-46.80E-9,25.06E-9,-88.96E-9,26.92E-9,-29.95E-9,28.92E-9,-17.37E-9,30.46E-9,-233.5E-9,33.09E-9,-90.94E-9,34.37E-9,-199.0E-9
21.46E-9,-47.84E-9,16.97E-9,-46.58E-9,19.47E-9,-46.77E-9,21.15E-9,-46.81E-9,23.49E-9,-46.59E-9,25.17E-9,-146.0E-9,27.02E-9,-93.33E-9,29.04E-9,-92.19E-9,30.92E-9,-14.89E-9,33.36E-9,-198.3E-9,34.92E-9,-38.72E-9
23.06E-9,-45.52E-9,25.00E-9,-46.67E-9,19.96E-9,-46.60E-9,21.31E-9,-46.59E-9,23.96E-9,-46.77E-9,25.25E-9,-208.9E-9,27.18E-9,-174.1E-9,29.24E-9,-183.7E-9,31.05E-9,-87.48E-9,33.62E-9,-405.2E-9,35.03E-9,-74.96E-9
24.03E-9,-47.84E-9,80.00E-9,-46.67E-9,20.95E-9,-46.76E-9,21.62E-9,-46.76E-9,24.48E-9,-46.61E-9,25.40E-9,-435.9E-9,27.31E-9,-302.9E-9,29.41E-9,-343.3E-9,31.23E-9,-153.5E-9,34.13E-9,-1.515E-6,35.24E-9,-127.7E-9
25.00E-9,-45.52E-9,23.40E-9,-46.67E-9,22.55E-9,-46.61E-9,22.25E-9,-46.61E-9,25.00E-9,-46.75E-9,25.70E-9,-1.698E-6,27.58E-9,-894.3E-9,29.77E-9,-1.133E-6,31.39E-9,-255.9E-9,35.06E-9,-7.657E-6,35.43E-9,-207.2E-9
25.01E-9,-66.43E-6,77.75E-9,-46.67E-9,23.78E-9,-46.75E-9,23.52E-9,-46.75E-9,25.10E-9,-119.8E-9,26.14E-9,-6.906E-6,28.12E-9,-4.808E-6,30.47E-9,-6.355E-6,31.72E-9,-698.3E-9,35.86E-9,-16.03E-6,35.81E-9,-538.0E-9
25.01E-9,-122.8E-6,63.40E-9,-46.67E-9,25.00E-9,-46.61E-9,25.00E-9,-46.62E-9,25.28E-9,-363.1E-9,26.60E-9,-15.28E-6,28.64E-9,-12.14E-6,31.09E-9,-14.33E-6,32.37E-9,-3.607E-6,36.30E-9,-20.81E-6,36.58E-9,-2.741E-6
25.01E-9,-102.6E-6,20.20E-9,-46.67E-9,25.10E-9,-247.5E-9,25.14E-9,-209.1E-9,25.45E-9,-965.1E-9,26.88E-9,-20.95E-6,29.22E-9,-21.61E-6,31.53E-9,-20.53E-6,33.07E-9,-10.44E-6,36.56E-9,-23.34E-6,37.47E-9,-9.082E-6
25.01E-9,-101.9E-6,60.20E-9,-46.67E-9,25.27E-9,-1.589E-6,25.38E-9,-1.314E-6,25.79E-9,-4.596E-6,27.04E-9,-23.78E-6,29.42E-9,-24.34E-6,31.75E-9,-23.33E-6,33.83E-9,-19.64E-6,36.77E-9,-24.82E-6,38.38E-9,-17.98E-6
25.01E-9,-101.3E-6,17.78E-9,-46.67E-9,25.48E-9,-7.966E-6,25.66E-9,-6.222E-6,26.16E-9,-12.44E-6,27.18E-9,-25.53E-6,29.58E-9,-25.71E-6,31.92E-9,-25.00E-6,34.10E-9,-22.83E-6,37.00E-9,-25.52E-6,38.77E-9,-21.66E-6
25.01E-9,-99.73E-6,57.78E-9,-46.67E-9,25.68E-9,-17.26E-6,25.95E-9,-15.00E-6,26.54E-9,-21.86E-6,27.32E-9,-26.41E-6,29.74E-9,-26.13E-6,32.12E-9,-25.84E-6,34.31E-9,-24.65E-6,37.23E-9,-25.37E-6,39.03E-9,-23.82E-6
25.02E-9,-96.95E-6,45.00E-9,-46.67E-9,25.79E-9,-22.92E-6,26.15E-9,-21.62E-6,26.69E-9,-24.81E-6,27.46E-9,-26.30E-6,29.87E-9,-25.85E-6,32.30E-9,-25.73E-6,34.55E-9,-25.66E-6,37.46E-9,-24.53E-6,39.27E-9,-25.06E-6
25.02E-9,-90.54E-6,43.22E-9,-46.67E-9,25.87E-9,-26.05E-6,26.26E-9,-24.74E-6,26.80E-9,-26.38E-6,27.61E-9,-24.96E-6,30.02E-9,-24.74E-6,32.49E-9,-24.69E-6,34.76E-9,-25.55E-6,37.64E-9,-22.77E-6,39.51E-9,-25.42E-6
25.04E-9,-69.46E-6,40.02E-9,-46.67E-9,25.96E-9,-28.54E-6,26.35E-9,-26.67E-6,26.92E-9,-26.95E-6,27.72E-9,-21.99E-6,30.14E-9,-22.22E-6,32.64E-9,-22.58E-6,34.91E-9,-25.00E-6,37.80E-9,-20.50E-6,39.81E-9,-24.98E-6
25.05E-9,-43.77E-6,37.72E-9,-46.67E-9,26.02E-9,-29.16E-6,26.44E-9,-27.64E-6,27.01E-9,-26.66E-6,27.81E-9,-19.04E-6,30.25E-9,-19.64E-6,32.77E-9,-19.94E-6,35.07E-9,-23.66E-6,37.97E-9,-18.55E-6,40.02E-9,-23.95E-6
25.06E-9,-25.18E-6,77.15E-9,-46.67E-9,26.06E-9,-28.85E-6,26.54E-9,-27.44E-6,27.12E-9,-25.07E-6,27.91E-9,-16.93E-6,30.36E-9,-17.47E-6,32.90E-9,-18.00E-6,35.23E-9,-21.19E-6,38.16E-9,-16.34E-6,40.22E-9,-21.87E-6
25.07E-9,-7.784E-6,17.16E-9,-46.67E-9,26.13E-9,-25.85E-6,26.64E-9,-25.05E-6,27.21E-9,-21.50E-6,28.00E-9,-14.91E-6,30.48E-9,-15.51E-6,33.04E-9,-15.88E-6,35.36E-9,-19.26E-6,38.32E-9,-14.55E-6,40.39E-9,-19.91E-6
25.08E-9,-4.317E-6,57.16E-9,-46.67E-9,26.18E-9,-20.04E-6,26.71E-9,-20.10E-6,27.28E-9,-18.43E-6,28.09E-9,-13.06E-6,30.59E-9,-13.61E-6,33.16E-9,-14.11E-6,35.48E-9,-17.63E-6,38.58E-9,-11.80E-6,40.63E-9,-17.45E-6
25.09E-9,-890.9E-9,37.14E-9,-46.67E-9,26.22E-9,-15.97E-6,26.77E-9,-17.00E-6,27.37E-9,-16.08E-6,28.26E-9,-9.861E-6,30.78E-9,-10.62E-6,33.39E-9,-11.01E-6,35.61E-9,-15.97E-6,38.98E-9,-7.861E-6,40.80E-9,-15.70E-6
25.10E-9,-1.237E-6,76.97E-9,-46.68E-9,26.27E-9,-12.77E-6,26.84E-9,-14.12E-6,27.44E-9,-14.12E-6,28.49E-9,-6.142E-6,31.05E-9,-6.845E-6,33.68E-9,-7.446E-6,35.79E-9,-13.76E-6,39.41E-9,-4.367E-6,41.01E-9,-13.57E-6
25.11E-9,505.4E-9,77.00E-9,-46.68E-9,26.31E-9,-10.79E-6,26.89E-9,-12.31E-6,27.52E-9,-12.17E-6,28.78E-9,-2.571E-6,31.38E-9,-3.263E-6,34.05E-9,-3.713E-6,36.10E-9,-10.18E-6,40.03E-9,-1.255E-6,41.43E-9,-9.798E-6
25.13E-9,-661.9E-9,17.00E-9,-46.68E-9,26.35E-9,-8.596E-6,26.97E-9,-10.03E-6,27.65E-9,-9.072E-6,29.17E-9,-511.7E-9,31.81E-9,-711.0E-9,34.54E-9,-983.6E-9,36.42E-9,-6.753E-6,40.81E-9,-122.6E-9,41.83E-9,-6.434E-6
25.16E-9,648.2E-9,57.00E-9,-46.68E-9,26.42E-9,-5.914E-6,27.08E-9,-6.938E-6,27.85E-9,-5.173E-6,29.64E-9,-63.02E-9,32.37E-9,-103.3E-9,35.18E-9,-82.36E-9,36.89E-9,-3.049E-6,41.37E-9,-68.30E-9,42.44E-9,-2.724E-6
25.20E-9,-648.8E-9,80.00E-12,-46.68E-9,26.55E-9,-2.278E-6,27.27E-9,-2.793E-6,28.10E-9,-1.867E-6,30.01E-9,-108.0E-9,32.93E-9,-58.50E-9,35.55E-9,-88.37E-9,37.47E-9,-613.4E-9,41.93E-9,-27.88E-9,43.18E-9,-478.3E-9
25.28E-9,646.4E-9,240.0E-12,-46.68E-9,26.70E-9,-492.6E-9,27.49E-9,-644.8E-9,28.43E-9,-313.2E-9,30.14E-9,-4.780E-9,33.09E-9,-3.687E-9,35.93E-9,-30.31E-9,37.66E-9,-387.6E-9,42.09E-9,-2.848E-9,43.43E-9,-310.6E-9
25.44E-9,-648.6E-9,1.200E-9,-46.68E-9,26.86E-9,-200.8E-9,27.77E-9,-124.5E-9,28.72E-9,-98.48E-9,30.32E-9,1.740E-9,33.32E-9,1.021E-9,36.04E-9,-3.912E-9,38.05E-9,-70.07E-9,42.36E-9,363.3E-12,43.92E-9,-38.02E-9
25.76E-9,646.3E-9,3.740E-9,-46.68E-9,27.01E-9,-207.5E-9,28.01E-9,-153.1E-9,29.01E-9,-112.1E-9,30.47E-9,-3.245E-9,33.54E-9,-2.831E-9,36.24E-9,1.106E-9,38.49E-9,-92.72E-9,42.60E-9,-2.333E-9,44.43E-9,-86.08E-9
26.40E-9,-648.5E-9,0.000,-46.68E-9,27.06E-9,-21.99E-9,28.09E-9,-12.18E-9,29.11E-9,-6.262E-9,30.79E-9,745.3E-12,33.97E-9,444.3E-12,36.42E-9,-2.822E-9,38.93E-9,-12.45E-9,43.10E-9,11.59E-12,44.93E-9,1.751E-9
27.68E-9,646.3E-9,5.000E-9,-46.68E-9,27.13E-9,9.663E-9,28.20E-9,6.216E-9,29.25E-9,2.586E-9,31.43E-9,-2.832E-9,34.83E-9,-2.580E-9,36.77E-9,402.2E-12,39.06E-9,-3.204E-9,44.09E-9,-2.177E-9,45.09E-9,-2.600E-9
29.28E-9,-648.5E-9,2.480E-9,-46.68E-9,27.20E-9,-6.282E-9,28.30E-9,-5.716E-9,29.38E-9,-3.676E-9,32.69E-9,555.2E-12,36.43E-9,323.0E-12,37.48E-9,-2.524E-9,39.29E-9,602.6E-12,45.69E-9,-68.23E-12,45.35E-9,149.2E-12
30.88E-9,646.3E-9,560.0E-12,-46.68E-9,27.33E-9,2.493E-9,28.50E-9,2.556E-9,29.63E-9,1.037E-9,34.29E-9,-2.723E-9,38.03E-9,-2.498E-9,38.91E-9,263.7E-12,39.49E-9,-2.480E-9,47.29E-9,-2.118E-9,45.60E-9,-2.153E-9
32.48E-9,-648.5E-9,36.99E-9,-46.68E-9,27.59E-9,-4.088E-9,28.89E-9,-4.367E-9,30.13E-9,-3.064E-9,35.89E-9,461.7E-12,39.63E-9,243.4E-12,40.51E-9,-2.440E-9,39.91E-9,122.7E-12,48.89E-9,-125.6E-12,46.09E-9,-154.3E-12
33.69E-9,646.3E-9,37.04E-9,-46.69E-9,28.11E-9,1.596E-9,29.69E-9,1.963E-9,31.14E-9,761.3E-12,37.49E-9,-2.632E-9,41.23E-9,-2.420E-9,42.11E-9,187.0E-12,40.73E-9,-2.272E-9,50.49E-9,-2.062E-9,47.07E-9,-2.018E-9
34.91E-9,-648.5E-9,57.06E-9,-46.69E-9,29.15E-9,-3.679E-9,31.28E-9,-4.087E-9,32.74E-9,-2.922E-9,38.70E-9,359.4E-12,42.03E-9,132.3E-12,43.71E-9,-2.365E-9,42.33E-9,24.04E-12,51.83E-9,-185.0E-12,48.67E-9,-222.8E-12
34.92E-9,10.53E-6,17.06E-9,-46.69E-9,30.75E-9,1.381E-9,32.88E-9,1.783E-9,34.34E-9,654.6E-12,39.91E-9,-2.519E-9,42.83E-9,-2.278E-9,44.77E-9,96.61E-12,43.93E-9,-2.207E-9,52.13E-9,39.45E-9,50.27E-9,-1.968E-9
34.92E-9,7.717E-6,77.05E-9,-46.69E-9,32.35E-9,-3.515E-9,34.48E-9,-3.911E-9,35.94E-9,-2.819E-9,40.13E-9,71.10E-9,42.98E-9,59.65E-9,45.83E-9,-2.260E-9,45.53E-9,-38.95E-12,52.62E-9,21.10E-9,51.87E-9,-271.8E-12
34.92E-9,-3.119E-6,37.33E-9,-46.69E-9,33.95E-9,1.220E-9,36.08E-9,1.612E-9,37.54E-9,553.6E-12,40.49E-9,15.82E-9,43.26E-9,55.08E-9,46.08E-9,50.90E-9,47.13E-9,-2.146E-9,53.04E-9,-85.53E-9,53.47E-9,-1.920E-9
34.92E-9,-3.087E-6,38.48E-9,-46.69E-9,35.55E-9,-3.358E-9,37.00E-9,-3.685E-9,38.91E-9,-2.712E-9,40.80E-9,-394.4E-9,43.52E-9,-639.4E-12,46.46E-9,32.22E-9,47.98E-9,-123.7E-12,53.89E-9,-1.638E-6,54.83E-9,-322.0E-12
34.92E-9,-3.063E-6,57.37E-9,-46.69E-9,36.91E-9,1.055E-9,37.91E-9,1.335E-9,39.11E-9,88.43E-9,41.43E-9,-5.470E-6,44.03E-9,-804.3E-9,46.79E-9,-84.78E-9,48.83E-9,-2.040E-9,54.95E-9,-8.992E-6,55.15E-9,35.43E-9
34.92E-9,-3.003E-6,41.62E-9,-46.69E-9,37.02E-9,176.1E-9,38.03E-9,118.8E-9,39.45E-9,-28.33E-9,41.94E-9,-13.95E-6,44.86E-9,-8.142E-6,47.46E-9,-1.769E-6,49.00E-9,44.75E-9,55.82E-9,-17.80E-6,55.66E-9,20.55E-9
34.93E-9,-2.903E-6,17.37E-9,-46.70E-9,37.19E-9,61.48E-9,38.24E-9,83.40E-9,39.76E-9,-1.026E-6,42.21E-9,-18.77E-6,45.45E-9,-16.91E-6,48.28E-9,-9.160E-6,49.34E-9,41.59E-9,56.14E-9,-20.66E-6,56.10E-9,-62.36E-9
34.93E-9,-2.695E-6,44.11E-9,-46.70E-9,37.42E-9,-2.296E-6,38.45E-9,-359.9E-9,40.32E-9,-9.210E-6,42.37E-9,-20.91E-6,45.68E-9,-20.12E-6,48.95E-9,-17.93E-6,49.64E-9,9.192E-9,56.37E-9,-22.01E-6,56.99E-9,-1.256E-6
34.95E-9,-2.172E-6,77.35E-9,-46.70E-9,37.68E-9,-11.32E-6,38.87E-9,-6.489E-6,40.72E-9,-17.98E-6,42.51E-9,-21.66E-6,45.85E-9,-21.59E-6,49.21E-9,-20.70E-6,50.23E-9,-404.7E-9,56.63E-9,-22.56E-6,58.23E-9,-8.428E-6
34.96E-9,-1.378E-6,58.60E-9,-46.70E-9,37.88E-9,-19.41E-6,39.18E-9,-15.24E-6,40.87E-9,-20.56E-6,42.65E-9,-21.79E-6,46.05E-9,-22.03E-6,49.39E-9,-21.88E-6,51.03E-9,-3.767E-6,56.87E-9,-22.84E-6,59.19E-9,-17.21E-6
34.97E-9,-835.1E-9,18.60E-9,-46.70E-9,37.97E-9,-20.13E-6,39.33E-9,-19.23E-6,40.99E-9,-21.39E-6,42.81E-9,-21.83E-6,46.21E-9,-22.20E-6,49.60E-9,-22.28E-6,51.84E-9,-11.56E-6,57.13E-9,-22.69E-6,59.56E-9,-20.34E-6
34.98E-9,-423.8E-9,61.80E-9,-46.70E-9,38.06E-9,-19.48E-6,39.43E-9,-20.73E-6,41.12E-9,-21.31E-6,42.94E-9,-21.39E-6,46.33E-9,-22.16E-6,49.80E-9,-22.48E-6,52.62E-9,-20.32E-6,57.31E-9,-21.88E-6,59.82E-9,-21.90E-6
34.99E-9,-237.1E-9,21.80E-9,-46.70E-9,38.13E-9,-18.79E-6,39.55E-9,-20.81E-6,41.25E-9,-21.33E-6,43.05E-9,-20.21E-6,46.47E-9,-21.71E-6,50.00E-9,-22.23E-6,52.87E-9,-21.88E-6,57.47E-9,-20.48E-6,60.13E-9,-22.63E-6
35.00E-9,-138.0E-9,65.00E-9,-46.70E-9,38.18E-9,-18.38E-6,39.64E-9,-20.56E-6,41.37E-9,-20.68E-6,43.14E-9,-18.66E-6,46.58E-9,-20.56E-6,50.14E-9,-21.28E-6,53.09E-9,-22.43E-6,57.64E-9,-18.71E-6,60.38E-9,-22.93E-6
35.01E-9,-88.80E-9,78.54E-9,-46.70E-9,38.21E-9,-17.45E-6,39.70E-9,-20.42E-6,41.46E-9,-19.48E-6,43.22E-9,-17.15E-6,46.68E-9,-19.11E-6,50.27E-9,-19.82E-6,53.30E-9,-22.63E-6,57.79E-9,-17.08E-6,60.57E-9,-22.99E-6
35.03E-9,-60.01E-9,24.20E-9,-46.70E-9,38.25E-9,-16.13E-6,39.78E-9,-19.74E-6,41.53E-9,-17.77E-6,43.30E-9,-15.52E-6,46.77E-9,-17.71E-6,50.41E-9,-17.89E-6,53.53E-9,-22.59E-6,57.97E-9,-15.14E-6,60.78E-9,-22.63E-6
35.04E-9,-51.36E-9,36.97E-9,-46.77E-9,38.29E-9,-14.32E-6,39.85E-9,-18.52E-6,41.60E-9,-16.28E-6,43.41E-9,-13.44E-6,46.86E-9,-16.20E-6,50.53E-9,-16.27E-6,53.70E-9,-21.81E-6,58.33E-9,-11.29E-6,60.97E-9,-21.58E-6
35.07E-9,-45.86E-9,56.94E-9,-50.07E-9,38.34E-9,-12.14E-6,39.90E-9,-16.92E-6,41.66E-9,-14.53E-6,43.62E-9,-9.411E-6,47.00E-9,-13.91E-6,50.67E-9,-14.22E-6,53.84E-9,-20.49E-6,58.69E-9,-7.689E-6,61.13E-9,-20.18E-6
35.10E-9,-47.81E-9,16.94E-9,-50.07E-9,38.38E-9,-10.20E-6,39.98E-9,-14.60E-6,41.75E-9,-12.50E-6,43.85E-9,-5.647E-6,47.24E-9,-10.15E-6,50.97E-9,-10.17E-6,53.99E-9,-18.78E-6,59.24E-9,-3.348E-6,61.28E-9,-18.83E-6
35.15E-9,-45.53E-9,76.94E-9,-50.13E-9,38.43E-9,-7.979E-6,40.03E-9,-12.86E-6,41.92E-9,-8.475E-6,44.19E-9,-1.834E-6,47.51E-9,-6.247E-6,51.25E-9,-6.672E-6,54.13E-9,-17.10E-6,59.89E-9,-763.7E-9,61.43E-9,-17.31E-6
35.25E-9,-47.84E-9,36.94E-9,-50.19E-9,38.51E-9,-4.865E-6,40.10E-9,-10.71E-6,42.12E-9,-4.757E-6,44.61E-9,-252.1E-9,47.89E-9,-2.375E-6,51.73E-9,-2.388E-6,54.28E-9,-15.28E-6,60.84E-9,-27.33E-9,61.68E-9,-14.90E-6
35.45E-9,-45.52E-9,36.87E-9,-60.96E-9,38.63E-9,-1.697E-6,40.21E-9,-7.424E-6,42.40E-9,-1.230E-6,44.92E-9,-8.081E-9,48.38E-9,-341.3E-9,52.29E-9,-393.0E-9,54.57E-9,-11.77E-6,61.00E-9,-90.87E-9,62.03E-9,-11.45E-6
35.86E-9,-47.84E-9,26.03E-9,-73.87E-9,38.78E-9,-222.6E-9,40.39E-9,-3.235E-6,42.66E-9,-304.7E-9,45.00E-9,-46.97E-9,48.84E-9,-42.99E-9,52.84E-9,-22.28E-9,54.89E-9,-8.093E-6,61.28E-9,-197.8E-9,62.46E-9,-7.593E-6
36.66E-9,-45.52E-9,76.87E-9,-77.13E-9,38.92E-9,-33.47E-9,40.62E-9,-645.4E-9,42.92E-9,39.51E-9,45.06E-9,-89.17E-9,48.94E-9,-94.10E-9,52.96E-9,-91.64E-9,55.35E-9,-3.837E-6,61.54E-9,-403.3E-9,63.04E-9,-3.443E-6
38.26E-9,-47.84E-9,46.03E-9,-95.26E-9,38.97E-9,-47.72E-9,40.77E-9,-158.3E-9,43.01E-9,-46.97E-9,45.17E-9,-146.3E-9,49.10E-9,-180.1E-9,53.15E-9,-179.1E-9,55.92E-9,-924.2E-9,62.05E-9,-1.504E-6,63.81E-9,-716.5E-9
39.86E-9,-45.52E-9,6.026E-9,-97.02E-9,39.03E-9,-46.26E-9,40.92E-9,-3.274E-9,43.14E-9,-46.50E-9,45.25E-9,-209.5E-9,49.25E-9,-323.0E-9,53.32E-9,-326.6E-9,56.38E-9,-232.1E-9,62.98E-9,-7.641E-6,64.33E-9,-182.7E-9
41.46E-9,-47.84E-9,56.86E-9,-98.06E-9,39.10E-9,-46.85E-9,40.99E-9,-47.18E-9,43.26E-9,-46.80E-9,45.40E-9,-437.6E-9,49.53E-9,-1.003E-6,53.66E-9,-1.037E-6,56.84E-9,-14.44E-9,63.78E-9,-16.01E-6,64.84E-9,-36.70E-9
43.06E-9,-45.52E-9,16.86E-9,-98.81E-9,39.22E-9,-46.57E-9,41.07E-9,-46.43E-9,43.49E-9,-46.59E-9,45.70E-9,-1.708E-6,50.10E-9,-5.511E-6,54.34E-9,-5.753E-6,56.97E-9,-87.45E-9,64.22E-9,-20.81E-6,64.95E-9,-74.44E-9
44.03E-9,-47.84E-9,66.03E-9,-100.4E-9,39.47E-9,-46.77E-9,41.15E-9,-46.81E-9,43.96E-9,-46.76E-9,46.14E-9,-6.895E-6,50.63E-9,-13.14E-6,54.95E-9,-13.51E-6,57.15E-9,-153.1E-9,64.48E-9,-23.34E-6,65.15E-9,-124.2E-9
45.00E-9,-45.52E-9,36.11E-9,-240.4E-9,39.96E-9,-46.60E-9,41.30E-9,-46.59E-9,44.48E-9,-46.61E-9,46.60E-9,-15.27E-6,51.21E-9,-22.59E-6,55.63E-9,-22.87E-6,57.31E-9,-255.0E-9,64.69E-9,-24.82E-6,65.34E-9,-198.1E-9
45.01E-9,-66.43E-6,46.01E-9,-299.4E-9,40.95E-9,-46.76E-9,41.62E-9,-46.76E-9,45.00E-9,-46.75E-9,46.88E-9,-20.95E-6,51.40E-9,-24.97E-6,55.85E-9,-25.04E-6,57.64E-9,-694.1E-9,64.92E-9,-25.52E-6,65.70E-9,-498.4E-9
45.01E-9,-122.8E-6,5.957E-9,-344.7E-9,42.55E-9,-46.61E-9,42.24E-9,-46.61E-9,45.10E-9,-119.7E-9,47.04E-9,-23.78E-6,51.57E-9,-26.00E-6,56.04E-9,-25.85E-6,58.29E-9,-3.580E-6,65.15E-9,-25.38E-6,66.44E-9,-2.466E-6
45.01E-9,-102.6E-6,65.96E-9,-354.0E-9,43.77E-9,-46.75E-9,43.49E-9,-46.75E-9,45.28E-9,-362.5E-9,47.18E-9,-25.53E-6,51.73E-9,-26.06E-6,56.22E-9,-25.72E-6,58.99E-9,-10.39E-6,65.38E-9,-24.53E-6,67.33E-9,-8.618E-6
45.01E-9,-101.9E-6,45.90E-9,-362.9E-9,45.00E-9,-46.61E-9,45.00E-9,-46.62E-9,45.45E-9,-962.6E-9,47.32E-9,-26.41E-6,51.85E-9,-25.56E-6,56.42E-9,-24.67E-6,59.74E-9,-19.59E-6,65.56E-9,-22.77E-6,68.24E-9,-17.38E-6
45.01E-9,-101.3E-6,25.06E-9,-363.4E-9,45.10E-9,-247.6E-9,45.14E-9,-210.4E-9,45.79E-9,-4.583E-6,47.46E-9,-26.30E-6,51.98E-9,-24.07E-6,56.56E-9,-22.52E-6,60.02E-9,-22.80E-6,65.72E-9,-20.50E-6,68.65E-9,-21.31E-6
45.01E-9,-99.73E-6,26.01E-9,-364.1E-9,45.27E-9,-1.590E-6,45.38E-9,-1.331E-6,46.16E-9,-12.42E-6,47.61E-9,-24.96E-6,52.10E-9,-21.31E-6,56.69E-9,-19.90E-6,60.23E-9,-24.63E-6,65.89E-9,-18.55E-6,68.92E-9,-23.56E-6
45.02E-9,-96.95E-6,45.06E-9,-380.5E-9,45.48E-9,-7.972E-6,45.67E-9,-6.338E-6,46.54E-9,-21.84E-6,47.72E-9,-21.99E-6,52.20E-9,-18.98E-6,56.82E-9,-17.96E-6,60.47E-9,-25.66E-6,66.08E-9,-16.34E-6,69.16E-9,-24.95E-6
45.02E-9,-90.54E-6,25.95E-9,-431.9E-9,45.68E-9,-17.27E-6,45.95E-9,-15.14E-6,46.68E-9,-24.80E-6,47.81E-9,-19.04E-6,52.30E-9,-17.16E-6,56.96E-9,-15.86E-6,60.67E-9,-25.55E-6,66.24E-9,-14.55E-6,69.41E-9,-25.42E-6
45.04E-9,-69.46E-6,66.01E-9,-432.3E-9,45.79E-9,-22.92E-6,46.15E-9,-21.65E-6,46.80E-9,-26.37E-6,47.91E-9,-16.93E-6,52.41E-9,-15.37E-6,57.08E-9,-14.09E-6,60.82E-9,-25.01E-6,66.50E-9,-11.80E-6,69.67E-9,-25.12E-6
45.05E-9,-43.77E-6,6.010E-9,-445.7E-9,45.87E-9,-26.05E-6,46.26E-9,-24.76E-6,46.92E-9,-26.95E-6,48.00E-9,-14.91E-6,52.53E-9,-13.35E-6,57.31E-9,-10.95E-6,60.99E-9,-23.70E-6,66.90E-9,-7.862E-6,69.89E-9,-24.25E-6
45.06E-9,-25.18E-6,36.82E-9,-450.2E-9,45.96E-9,-28.54E-6,46.35E-9,-26.68E-6,47.01E-9,-26.66E-6,48.09E-9,-13.06E-6,52.75E-9,-9.853E-6,57.60E-9,-7.398E-6,61.14E-9,-21.24E-6,67.33E-9,-4.367E-6,70.09E-9,-22.45E-6
45.07E-9,-7.784E-6,5.072E-9,-455.3E-9,46.02E-9,-29.16E-6,46.44E-9,-27.64E-6,47.12E-9,-25.06E-6,48.26E-9,-9.862E-6,53.01E-9,-6.283E-6,57.98E-9,-3.660E-6,61.28E-9,-19.30E-6,67.95E-9,-1.255E-6,70.27E-9,-20.33E-6
45.08E-9,-4.317E-6,65.91E-9,-460.6E-9,46.06E-9,-28.85E-6,46.54E-9,-27.43E-6,47.21E-9,-21.49E-6,48.49E-9,-6.143E-6,53.36E-9,-2.672E-6,58.47E-9,-957.7E-9,61.40E-9,-17.67E-6,68.73E-9,-122.8E-9,70.46E-9,-18.33E-6
45.09E-9,-890.9E-9,25.88E-9,-474.2E-9,46.13E-9,-25.85E-6,46.64E-9,-25.03E-6,47.28E-9,-18.42E-6,48.78E-9,-2.572E-6,53.81E-9,-527.9E-9,59.11E-9,-81.85E-9,61.53E-9,-16.00E-6,69.29E-9,-68.15E-9,70.66E-9,-16.36E-6
45.10E-9,-1.237E-6,5.904E-9,-491.9E-9,46.18E-9,-20.04E-6,46.71E-9,-20.08E-6,47.37E-9,-16.07E-6,49.17E-9,-511.9E-9,53.96E-9,-292.9E-9,59.48E-9,-85.44E-9,61.70E-9,-13.83E-6,69.85E-9,-28.03E-9,70.84E-9,-14.50E-6
45.11E-9,505.4E-9,45.95E-9,-492.3E-9,46.22E-9,-15.97E-6,46.77E-9,-16.98E-6,47.44E-9,-14.10E-6,49.64E-9,-63.05E-9,54.25E-9,-102.1E-9,59.85E-9,-33.09E-9,62.01E-9,-10.21E-6,70.01E-9,-2.848E-9,71.17E-9,-11.38E-6
45.13E-9,-661.9E-9,65.08E-9,-529.8E-9,46.27E-9,-12.77E-6,46.84E-9,-14.09E-6,47.52E-9,-12.15E-6,50.01E-9,-107.9E-9,54.55E-9,-72.83E-9,59.96E-9,-3.900E-9,62.33E-9,-6.814E-6,70.28E-9,363.3E-12,71.56E-9,-7.936E-6
45.16E-9,648.2E-9,76.81E-9,-625.4E-9,46.31E-9,-10.79E-6,46.90E-9,-12.29E-6,47.65E-9,-9.048E-6,50.14E-9,-4.781E-9,54.85E-9,-63.67E-9,60.15E-9,1.092E-9,62.80E-9,-3.085E-6,70.52E-9,-2.333E-9,72.09E-9,-4.127E-6
45.20E-9,-648.8E-9,16.80E-9,-867.3E-9,46.35E-9,-8.600E-6,46.97E-9,-10.00E-6,47.86E-9,-5.150E-6,50.32E-9,1.741E-9,54.94E-9,-4.985E-9,60.33E-9,-2.807E-9,63.38E-9,-634.5E-9,71.02E-9,11.63E-12,72.76E-9,-1.194E-6
45.28E-9,646.4E-9,56.80E-9,-878.8E-9,46.42E-9,-5.917E-6,47.08E-9,-6.903E-6,48.10E-9,-1.850E-6,50.47E-9,-3.245E-9,55.10E-9,1.796E-9,60.68E-9,387.5E-12,63.57E-9,-397.8E-9,72.01E-9,-2.177E-9,73.67E-9,-117.1E-9
45.44E-9,-648.6E-9,65.83E-9,-1.022E-6,46.55E-9,-2.282E-6,47.27E-9,-2.753E-6,48.43E-9,-309.3E-9,50.79E-9,745.8E-12,55.25E-9,-3.234E-9,61.39E-9,-2.509E-9,63.96E-9,-73.20E-9,73.61E-9,-68.20E-12,74.26E-9,-45.75E-9
45.76E-9,646.3E-9,5.825E-9,-1.172E-6,46.70E-9,-493.7E-9,47.49E-9,-630.3E-9,48.72E-9,-98.50E-9,51.43E-9,-2.832E-9,55.54E-9,713.4E-12,62.80E-9,249.2E-12,64.40E-9,-92.26E-9,75.21E-9,-2.118E-9,74.85E-9,-41.21E-9
46.40E-9,-648.5E-9,45.82E-9,-1.429E-6,46.86E-9,-200.9E-9,47.77E-9,-124.1E-9,49.01E-9,-112.0E-9,52.69E-9,555.7E-12,56.13E-9,-2.792E-9,64.40E-9,-2.426E-9,64.85E-9,-13.00E-9,76.81E-9,-125.6E-12,75.02E-9,-2.233E-9
47.68E-9,646.3E-9,25.80E-9,-1.813E-6,47.01E-9,-207.4E-9,48.01E-9,-152.7E-9,49.11E-9,-6.259E-9,54.29E-9,-2.723E-9,57.30E-9,511.4E-12,66.00E-9,173.3E-12,64.98E-9,-3.230E-9,78.41E-9,-2.062E-9,75.31E-9,-144.4E-12
49.28E-9,-648.5E-9,36.77E-9,-1.836E-6,47.06E-9,-22.00E-9,48.09E-9,-12.15E-9,49.25E-9,2.582E-9,55.89E-9,462.2E-12,58.90E-9,-2.680E-9,67.60E-9,-2.352E-9,65.21E-9,626.0E-12,79.75E-9,-184.9E-12,75.58E-9,-1.921E-9
50.88E-9,646.3E-9,76.76E-9,-2.158E-6,47.13E-9,9.670E-9,48.20E-9,6.182E-9,49.38E-9,-3.671E-9,57.49E-9,-2.633E-9,60.50E-9,420.1E-12,68.68E-9,84.47E-12,65.42E-9,-2.501E-9,80.00E-9,39.75E-9,76.11E-9,-359.7E-12
52.48E-9,-648.5E-9,25.16E-9,-2.432E-6,47.20E-9,-6.287E-9,48.30E-9,-5.678E-9,49.63E-9,1.031E-9,58.70E-9,359.9E-12,62.10E-9,-2.591E-9,69.75E-9,-2.249E-9,65.83E-9,142.0E-12, , ,77.19E-9,-1.825E-9
53.69E-9,646.3E-9,16.76E-9,-2.437E-6,47.33E-9,2.497E-9,48.49E-9,2.520E-9,50.13E-9,-3.059E-9,59.91E-9,-2.520E-9,63.43E-9,324.9E-12,70.00E-9,50.89E-9,66.66E-9,-2.291E-9, , ,78.79E-9,-410.8E-12
54.91E-9,-648.5E-9,56.76E-9,-2.445E-6,47.59E-9,-4.092E-9,48.89E-9,-4.331E-9,51.14E-9,756.3E-12,60.13E-9,71.10E-9,64.75E-9,-2.490E-9,70.38E-9,31.77E-9,68.26E-9,42.11E-12, , ,80.00E-9,-1.779E-9
54.92E-9,10.53E-6,45.16E-9,-2.660E-6,48.11E-9,1.600E-9,49.68E-9,1.929E-9,52.74E-9,-2.918E-9,60.49E-9,15.85E-9,65.00E-9,59.23E-9,70.72E-9,-88.34E-9,69.86E-9,-2.225E-9, , , , 
54.92E-9,7.717E-6,65.78E-9,-2.796E-6,49.15E-9,-3.683E-9,51.26E-9,-4.052E-9,54.34E-9,649.9E-12,60.80E-9,-394.2E-9,65.40E-9,16.54E-9,71.39E-9,-1.821E-6,71.46E-9,-21.87E-12, , , , 
54.92E-9,-3.119E-6,5.774E-9,-3.047E-6,50.75E-9,1.384E-9,52.86E-9,1.749E-9,55.94E-9,-2.814E-9,61.42E-9,-5.467E-6,65.75E-9,-288.5E-9,72.20E-9,-9.236E-6,73.06E-9,-2.163E-9, , , , 
54.92E-9,-3.087E-6,45.77E-9,-3.074E-6,52.35E-9,-3.518E-9,54.46E-9,-3.879E-9,57.54E-9,549.1E-12,61.94E-9,-13.95E-6,66.46E-9,-4.382E-6,72.88E-9,-18.01E-6,73.91E-9,-108.3E-12, , , , 
54.92E-9,-3.063E-6,25.76E-9,-3.523E-6,53.95E-9,1.224E-9,56.06E-9,1.580E-9,58.91E-9,-2.708E-9,62.21E-9,-18.77E-6,67.09E-9,-12.66E-6,73.13E-9,-20.74E-6,74.75E-9,-2.054E-9, , , , 
54.92E-9,-3.003E-6,5.181E-9,-3.638E-6,55.55E-9,-3.361E-9,56.98E-9,-3.657E-9,59.11E-9,88.42E-9,62.37E-9,-20.91E-6,67.47E-9,-18.44E-6,73.31E-9,-21.90E-6,74.92E-9,44.75E-9, , , , 
54.93E-9,-2.903E-6,36.73E-9,-3.660E-6,56.91E-9,1.058E-9,57.91E-9,1.310E-9,59.45E-9,-28.63E-9,62.51E-9,-21.66E-6,67.67E-9,-20.82E-6,73.52E-9,-22.28E-6,75.26E-9,41.67E-9, , , , 
54.93E-9,-2.695E-6,76.73E-9,-3.910E-6,57.02E-9,176.1E-9,58.03E-9,118.8E-9,59.76E-9,-1.031E-6,62.65E-9,-21.79E-6,67.83E-9,-21.80E-6,73.72E-9,-22.48E-6,75.55E-9,9.662E-9, , , , 
54.95E-9,-2.172E-6,36.21E-9,-4.030E-6,57.19E-9,61.63E-9,58.24E-9,82.66E-9,60.32E-9,-9.217E-6,62.81E-9,-21.83E-6,67.99E-9,-22.05E-6,73.92E-9,-22.22E-6,76.15E-9,-397.3E-9, , , , 
54.96E-9,-1.378E-6,56.21E-9,-4.183E-6,57.42E-9,-2.293E-6,58.45E-9,-372.1E-9,60.72E-9,-17.99E-6,62.94E-9,-21.39E-6,68.17E-9,-22.22E-6,74.07E-9,-21.26E-6,76.94E-9,-3.751E-6, , , , 
54.97E-9,-835.1E-9,16.72E-9,-4.268E-6,57.68E-9,-11.31E-6,58.88E-9,-6.631E-6,60.87E-9,-20.57E-6,63.05E-9,-20.22E-6,68.33E-9,-21.94E-6,74.19E-9,-19.80E-6,77.76E-9,-11.54E-6, , , , 
54.98E-9,-423.8E-9,56.72E-9,-4.282E-6,57.88E-9,-19.41E-6,59.19E-9,-15.40E-6,60.99E-9,-21.39E-6,63.14E-9,-18.67E-6,68.46E-9,-21.01E-6,74.33E-9,-17.84E-6,78.53E-9,-20.31E-6, , , , 
54.99E-9,-237.1E-9,16.21E-9,-4.366E-6,57.97E-9,-20.13E-6,59.34E-9,-19.30E-6,61.12E-9,-21.31E-6,63.22E-9,-17.15E-6,68.57E-9,-19.53E-6,74.45E-9,-16.22E-6,78.79E-9,-21.88E-6, , , , 
55.00E-9,-138.0E-9,65.20E-9,-4.567E-6,58.06E-9,-19.48E-6,59.44E-9,-20.75E-6,61.25E-9,-21.33E-6,63.30E-9,-15.52E-6,68.69E-9,-17.65E-6,74.60E-9,-14.14E-6,79.01E-9,-22.42E-6, , , , 
55.01E-9,-88.80E-9,65.74E-9,-4.731E-6,58.13E-9,-18.79E-6,59.55E-9,-20.80E-6,61.37E-9,-20.67E-6,63.41E-9,-13.44E-6,68.79E-9,-15.93E-6,74.90E-9,-10.05E-6,79.22E-9,-22.63E-6, , , , 
55.03E-9,-60.01E-9,5.739E-9,-4.944E-6,58.18E-9,-18.38E-6,59.65E-9,-20.56E-6,61.46E-9,-19.48E-6,63.62E-9,-9.411E-6,68.92E-9,-14.00E-6,75.18E-9,-6.541E-6,79.45E-9,-22.59E-6, , , , 
55.04E-9,-51.36E-9,76.22E-9,-4.985E-6,58.21E-9,-17.45E-6,59.70E-9,-20.42E-6,61.53E-9,-17.77E-6,63.85E-9,-5.648E-6,69.15E-9,-10.18E-6,75.66E-9,-2.300E-6,79.62E-9,-21.81E-6, , , , 
55.07E-9,-45.86E-9,45.74E-9,-5.213E-6,58.25E-9,-16.13E-6,59.78E-9,-19.73E-6,61.60E-9,-16.28E-6,64.19E-9,-1.834E-6,69.43E-9,-6.335E-6,76.23E-9,-366.6E-9,79.76E-9,-20.49E-6, , , , 
55.10E-9,-47.81E-9,25.73E-9,-5.533E-6,58.29E-9,-14.33E-6,59.85E-9,-18.51E-6,61.66E-9,-14.53E-6,64.61E-9,-252.2E-9,69.81E-9,-2.362E-6,76.76E-9,-21.33E-9,79.88E-9,-19.09E-6, , , , 
55.15E-9,-45.53E-9,36.70E-9,-5.586E-6,58.34E-9,-12.14E-6,59.90E-9,-16.91E-6,61.75E-9,-12.49E-6,64.92E-9,-8.067E-9,70.30E-9,-389.1E-9,76.88E-9,-91.35E-9,80.00E-9,-17.72E-6, , , , 
55.25E-9,-47.84E-9,76.70E-9,-5.811E-6,58.38E-9,-10.20E-6,59.98E-9,-14.56E-6,61.92E-9,-8.474E-6,65.00E-9,-46.97E-9,70.76E-9,-1.831E-9,77.07E-9,-176.7E-9, , , , , , 
55.45E-9,-45.52E-9,16.70E-9,-6.136E-6,58.43E-9,-7.980E-6,60.03E-9,-12.82E-6,62.12E-9,-4.755E-6,65.06E-9,-89.17E-9,70.86E-9,-94.18E-9,77.23E-9,-318.7E-9, , , , , , 
55.86E-9,-47.84E-9,56.70E-9,-6.144E-6,58.51E-9,-4.868E-6,60.10E-9,-10.66E-6,62.40E-9,-1.230E-6,65.17E-9,-146.3E-9,71.02E-9,-180.8E-9,77.57E-9,-993.8E-9, , , , , , 
56.66E-9,-45.52E-9,65.72E-9,-6.925E-6,58.63E-9,-1.698E-6,60.21E-9,-7.365E-6,62.66E-9,-304.7E-9,65.25E-9,-209.5E-9,71.17E-9,-325.1E-9,78.23E-9,-5.477E-6, , , , , , 
58.26E-9,-47.84E-9,45.71E-9,-7.062E-6,58.78E-9,-222.7E-9,60.39E-9,-3.177E-6,62.92E-9,39.52E-9,65.40E-9,-437.6E-9,71.46E-9,-1.014E-6,78.84E-9,-13.13E-6, , , , , , 
59.86E-9,-45.52E-9,5.712E-9,-7.172E-6,58.92E-9,-33.44E-9,60.62E-9,-623.5E-9,63.01E-9,-46.97E-9,65.70E-9,-1.708E-6,72.03E-9,-5.581E-6,79.52E-9,-22.53E-6, , , , , , 
61.46E-9,-47.84E-9,36.68E-9,-7.508E-6,58.97E-9,-47.72E-9,60.77E-9,-153.5E-9,63.14E-9,-46.50E-9,66.14E-9,-6.895E-6,72.55E-9,-13.24E-6,79.75E-9,-24.87E-6, , , , , , 
63.06E-9,-45.52E-9,25.71E-9,-7.536E-6,59.03E-9,-46.26E-9,60.92E-9,-4.591E-9,63.26E-9,-46.80E-9,66.60E-9,-15.27E-6,73.14E-9,-22.67E-6,80.00E-9,-25.91E-6, , , , , , 
64.03E-9,-47.84E-9,76.67E-9,-7.874E-6,59.10E-9,-46.85E-9,60.99E-9,-47.16E-9,63.49E-9,-46.59E-9,66.88E-9,-20.95E-6,73.33E-9,-25.04E-6, , , , , , , , 
65.00E-9,-45.52E-9,16.67E-9,-8.367E-6,59.22E-9,-46.57E-9,61.07E-9,-46.44E-9,63.96E-9,-46.76E-9,67.04E-9,-23.78E-6,73.49E-9,-26.02E-6, , , , , , , , 
65.01E-9,-66.43E-6,56.67E-9,-8.393E-6,59.47E-9,-46.77E-9,61.15E-9,-46.80E-9,64.48E-9,-46.61E-9,67.18E-9,-25.53E-6,73.65E-9,-26.05E-6, , , , , , , , 
65.01E-9,-122.8E-6,65.69E-9,-9.407E-6,59.96E-9,-46.60E-9,61.30E-9,-46.59E-9,65.00E-9,-46.75E-9,67.32E-9,-26.41E-6,73.78E-9,-25.49E-6, , , , , , , , 
65.01E-9,-102.6E-6,36.65E-9,-9.439E-6,60.95E-9,-46.76E-9,61.61E-9,-46.76E-9,65.10E-9,-119.7E-9,67.46E-9,-26.30E-6,73.91E-9,-23.90E-6, , , , , , , , 
65.01E-9,-101.9E-6,5.687E-9,-9.788E-6,62.55E-9,-46.61E-9,62.23E-9,-46.61E-9,65.28E-9,-362.5E-9,67.61E-9,-24.96E-6,74.03E-9,-21.09E-6, , , , , , , , 
65.01E-9,-101.3E-6,45.69E-9,-10.01E-6,63.77E-9,-46.75E-9,63.48E-9,-46.75E-9,65.45E-9,-962.6E-9,67.72E-9,-21.99E-6,74.13E-9,-18.82E-6, , , , , , , , 
65.01E-9,-99.73E-6,76.64E-9,-10.46E-6,65.00E-9,-46.61E-9,65.00E-9,-46.62E-9,65.79E-9,-4.583E-6,67.81E-9,-19.04E-6,74.22E-9,-17.14E-6, , , , , , , , 
65.02E-9,-96.95E-6,16.64E-9,-10.66E-6,65.10E-9,-247.6E-9,65.14E-9,-211.4E-9,66.16E-9,-12.42E-6,67.91E-9,-16.93E-6,74.33E-9,-15.38E-6, , , , , , , , 
65.02E-9,-90.54E-6,56.64E-9,-10.67E-6,65.27E-9,-1.589E-6,65.38E-9,-1.344E-6,66.54E-9,-21.84E-6,68.00E-9,-14.91E-6,74.45E-9,-13.30E-6, , , , , , , , 
65.04E-9,-69.46E-6,5.273E-9,-10.80E-6,65.48E-9,-7.971E-6,65.67E-9,-6.423E-6,66.68E-9,-24.80E-6,68.09E-9,-13.06E-6,74.69E-9,-9.511E-6, , , , , , , , 
65.05E-9,-43.77E-6,36.63E-9,-11.28E-6,65.68E-9,-17.27E-6,65.96E-9,-15.25E-6,66.80E-9,-26.37E-6,68.26E-9,-9.862E-6,74.94E-9,-6.137E-6, , , , , , , , 
65.06E-9,-25.18E-6,65.28E-9,-11.30E-6,65.79E-9,-22.92E-6,66.15E-9,-21.68E-6,66.92E-9,-26.95E-6,68.49E-9,-6.143E-6,75.31E-9,-2.471E-6, , , , , , , , 
65.07E-9,-7.784E-6,25.28E-9,-11.68E-6,65.87E-9,-26.05E-6,66.26E-9,-24.77E-6,67.01E-9,-26.66E-6,68.78E-9,-2.572E-6,75.76E-9,-449.8E-9, , , , , , , , 
65.08E-9,-4.317E-6,25.67E-9,-12.07E-6,65.96E-9,-28.54E-6,66.35E-9,-26.69E-6,67.12E-9,-25.06E-6,69.17E-9,-511.9E-9,75.91E-9,-262.5E-9, , , , , , , , 
65.09E-9,-890.9E-9,76.62E-9,-12.15E-6,66.02E-9,-29.16E-6,66.44E-9,-27.64E-6,67.21E-9,-21.49E-6,69.64E-9,-63.05E-9,76.21E-9,-85.81E-9, , , , , , , , 
65.10E-9,-1.237E-6,16.62E-9,-12.36E-6,66.06E-9,-28.85E-6,66.54E-9,-27.43E-6,67.28E-9,-18.42E-6,70.01E-9,-107.9E-9,76.49E-9,-79.89E-9, , , , , , , , 
65.11E-9,505.4E-9,56.62E-9,-12.37E-6,66.13E-9,-25.85E-6,66.64E-9,-25.01E-6,67.37E-9,-16.07E-6,70.14E-9,-4.781E-9,76.77E-9,-56.02E-9, , , , , , , , 
65.13E-9,-661.9E-9,36.33E-9,-12.73E-6,66.18E-9,-20.04E-6,66.71E-9,-20.06E-6,67.44E-9,-14.10E-6,70.32E-9,1.741E-9,76.86E-9,-5.088E-9, , , , , , , , 
65.16E-9,648.2E-9,65.67E-9,-12.94E-6,66.22E-9,-15.97E-6,66.77E-9,-16.97E-6,67.52E-9,-12.15E-6,70.47E-9,-3.245E-9,77.01E-9,1.840E-9, , , , , , , , 
65.20E-9,-648.8E-9,45.30E-9,-13.00E-6,66.27E-9,-12.77E-6,66.84E-9,-14.07E-6,67.65E-9,-9.048E-6,70.79E-9,745.8E-12,77.16E-9,-3.241E-9, , , , , , , , 
65.28E-9,646.4E-9,56.33E-9,-13.24E-6,66.31E-9,-10.79E-6,66.90E-9,-12.27E-6,67.86E-9,-5.151E-6,71.43E-9,-2.832E-9,77.44E-9,709.4E-12, , , , , , , , 
65.44E-9,-648.6E-9,36.60E-9,-13.35E-6,66.35E-9,-8.599E-6,66.97E-9,-9.975E-6,68.10E-9,-1.851E-6,72.69E-9,555.7E-12,78.01E-9,-2.783E-9, , , , , , , , 
65.76E-9,646.3E-9,16.34E-9,-13.43E-6,66.42E-9,-5.917E-6,67.08E-9,-6.873E-6,68.43E-9,-309.4E-9,74.29E-9,-2.723E-9,79.14E-9,500.9E-12, , , , , , , , 
66.40E-9,-648.5E-9,5.663E-9,-13.77E-6,66.55E-9,-2.281E-6,67.27E-9,-2.719E-6,68.72E-9,-98.50E-9,75.89E-9,462.2E-12,80.00E-9,-2.631E-9, , , , , , , , 
67.68E-9,646.3E-9,76.59E-9,-13.84E-6,66.70E-9,-493.6E-9,67.49E-9,-618.1E-9,69.01E-9,-112.0E-9,77.49E-9,-2.633E-9, , , , , , , , , , 
69.28E-9,-648.5E-9,16.59E-9,-14.01E-6,66.86E-9,-200.9E-9,67.78E-9,-123.7E-9,69.11E-9,-6.259E-9,78.70E-9,359.9E-12, , , , , , , , , , 
70.88E-9,646.3E-9,56.59E-9,-14.03E-6,67.01E-9,-207.4E-9,68.01E-9,-152.4E-9,69.25E-9,2.582E-9,79.91E-9,-2.520E-9, , , , , , , , , , 
72.48E-9,-648.5E-9,76.34E-9,-14.07E-6,67.06E-9,-22.00E-9,68.09E-9,-12.13E-9,69.38E-9,-3.671E-9,80.00E-9,70.32E-9, , , , , , , , , , 
73.69E-9,646.3E-9,45.66E-9,-14.32E-6,67.13E-9,9.669E-9,68.20E-9,6.152E-9,69.63E-9,1.032E-9, , , , , , , , , , , , 
74.91E-9,-648.5E-9,36.58E-9,-14.55E-6,67.20E-9,-6.286E-9,68.29E-9,-5.645E-9,70.13E-9,-3.060E-9, , , , , , , , , , , , 
74.92E-9,10.53E-6,76.57E-9,-14.79E-6,67.33E-9,2.497E-9,68.49E-9,2.488E-9,71.14E-9,756.4E-12, , , , , , , , , , , , 
74.92E-9,7.717E-6,16.57E-9,-14.94E-6,67.59E-9,-4.092E-9,68.88E-9,-4.301E-9,72.74E-9,-2.918E-9, , , , , , , , , , , , 
74.92E-9,-3.119E-6,56.57E-9,-14.95E-6,68.11E-9,1.600E-9,69.67E-9,1.899E-9,74.34E-9,650.0E-12, , , , , , , , , , , , 
74.92E-9,-3.087E-6,76.55E-9,-15.53E-6,69.15E-9,-3.682E-9,71.24E-9,-4.023E-9,75.94E-9,-2.814E-9, , , , , , , , , , , , 
74.92E-9,-3.063E-6,16.55E-9,-15.60E-6,70.75E-9,1.384E-9,72.84E-9,1.721E-9,77.54E-9,549.2E-12, , , , , , , , , , , , 
74.92E-9,-3.003E-6,56.55E-9,-15.62E-6,72.35E-9,-3.517E-9,74.44E-9,-3.851E-9,78.91E-9,-2.708E-9, , , , , , , , , , , , 
74.93E-9,-2.903E-6,36.53E-9,-16.12E-6,73.95E-9,1.223E-9,76.04E-9,1.553E-9,79.09E-9,88.96E-9, , , , , , , , , , , , 
74.93E-9,-2.695E-6,76.50E-9,-16.94E-6,75.55E-9,-3.361E-9,76.97E-9,-3.632E-9,79.41E-9,7.938E-9, , , , , , , , , , , , 
74.95E-9,-2.172E-6,16.50E-9,-17.01E-6,76.91E-9,1.058E-9,77.91E-9,1.288E-9,79.72E-9,-780.0E-9, , , , , , , , , , , , 
74.96E-9,-1.378E-6,56.50E-9,-17.03E-6,77.02E-9,176.1E-9,78.05E-9,118.7E-9,80.00E-9,-3.467E-6, , , , , , , , , , , , 
74.97E-9,-835.1E-9,25.65E-9,-17.14E-6,77.19E-9,61.61E-9,78.30E-9,31.70E-9, , , , , , , , , , , , , , 
74.98E-9,-423.8E-9,36.48E-9,-17.79E-6,77.42E-9,-2.293E-6,78.52E-9,-733.8E-9, , , , , , , , , , , , , , 
74.99E-9,-237.1E-9,56.40E-9,-17.84E-6,77.68E-9,-11.32E-6,78.82E-9,-5.162E-6, , , , , , , , , , , , , , 
75.00E-9,-138.0E-9,16.41E-9,-17.89E-6,77.88E-9,-19.41E-6,79.12E-9,-13.31E-6, , , , , , , , , , , , , , 
75.01E-9,-88.80E-9,76.41E-9,-18.05E-6,77.97E-9,-20.13E-6,79.30E-9,-18.34E-6, , , , , , , , , , , , , , 
75.03E-9,-60.01E-9,65.64E-9,-18.11E-6,78.06E-9,-19.48E-6,79.40E-9,-20.44E-6, , , , , , , , , , , , , , 
75.04E-9,-51.36E-9,76.45E-9,-18.38E-6,78.13E-9,-18.79E-6,79.50E-9,-20.91E-6, , , , , , , , , , , , , , 
75.07E-9,-45.86E-9,16.45E-9,-18.44E-6,78.18E-9,-18.38E-6,79.59E-9,-20.69E-6, , , , , , , , , , , , , , 
75.10E-9,-47.81E-9,56.45E-9,-18.45E-6,78.21E-9,-17.45E-6,79.70E-9,-20.40E-6, , , , , , , , , , , , , , 
75.15E-9,-45.53E-9,36.43E-9,-18.76E-6,78.25E-9,-16.13E-6,79.79E-9,-19.56E-6, , , , , , , , , , , , , , 
75.25E-9,-47.84E-9,5.641E-9,-19.18E-6,78.29E-9,-14.33E-6,79.86E-9,-18.07E-6, , , , , , , , , , , , , , 
75.45E-9,-45.52E-9,5.373E-9,-20.85E-6,78.34E-9,-12.14E-6,79.92E-9,-16.33E-6, , , , , , , , , , , , , , 
75.86E-9,-47.84E-9,65.38E-9,-21.43E-6,78.38E-9,-10.20E-6,79.96E-9,-15.09E-6, , , , , , , , , , , , , , 
76.66E-9,-45.52E-9,25.38E-9,-21.79E-6,78.43E-9,-7.980E-6,80.00E-9,-13.77E-6, , , , , , , , , , , , , , 
78.26E-9,-47.84E-9,45.63E-9,-22.57E-6,78.51E-9,-4.868E-6, , , , , , , , , , , , , , , , 
79.13E-9,-45.52E-9,45.40E-9,-23.14E-6,78.63E-9,-1.698E-6, , , , , , , , , , , , , , , , 
80.00E-9,-47.84E-9,25.62E-9,-24.36E-6,78.78E-9,-222.7E-9, , , , , , , , , , , , , , , , 
 , ,65.62E-9,-25.78E-6,78.92E-9,-33.45E-9, , , , , , , , , , , , , , , , 
 , ,5.429E-9,-26.16E-6,78.97E-9,-47.72E-9, , , , , , , , , , , , , , , , 
 , ,65.43E-9,-26.51E-6,79.03E-9,-46.26E-9, , , , , , , , , , , , , , , , 
 , ,25.44E-9,-26.84E-6,79.10E-9,-46.85E-9, , , , , , , , , , , , , , , , 
 , ,5.615E-9,-27.17E-6,79.22E-9,-46.57E-9, , , , , , , , , , , , , , , , 
 , ,45.45E-9,-27.79E-6,79.47E-9,-46.77E-9, , , , , , , , , , , , , , , , 
 , ,5.472E-9,-29.64E-6,79.73E-9,-46.61E-9, , , , , , , , , , , , , , , , 
 , ,65.48E-9,-29.91E-6,80.00E-9,-46.75E-9, , , , , , , , , , , , , , , , 
 , ,25.48E-9,-30.13E-6, , , , , , , , , , , , , , , , , , 
 , ,25.60E-9,-30.35E-6, , , , , , , , , , , , , , , , , , 
 , ,45.49E-9,-30.84E-6, , , , , , , , , , , , , , , , , , 
 , ,65.60E-9,-31.02E-6, , , , , , , , , , , , , , , , , , 
 , ,5.591E-9,-31.59E-6, , , , , , , , , , , , , , , , , , 
 , ,45.59E-9,-31.75E-6, , , , , , , , , , , , , , , , , , 
 , ,5.518E-9,-32.04E-6, , , , , , , , , , , , , , , , , , 
 , ,65.52E-9,-32.14E-6, , , , , , , , , , , , , , , , , , 
 , ,25.52E-9,-32.26E-6, , , , , , , , , , , , , , , , , , 
 , ,45.53E-9,-32.55E-6, , , , , , , , , , , , , , , , , , 
 , ,25.57E-9,-32.71E-6, , , , , , , , , , , , , , , , , , 
 , ,65.57E-9,-32.81E-6, , , , , , , , , , , , , , , , , , 
 , ,5.562E-9,-32.85E-6, , , , , , , , , , , , , , , , , , 
