time (s),getData("/I2/gnd" ?result "tran") vdd 0.3  (A),time (s),getData("/I2/gnd" ?result "tran") vdd 0.35  (A),time (s),getData("/I2/gnd" ?result "tran") vdd 0.4  (A),time (s),getData("/I2/gnd" ?result "tran") vdd 0.45  (A),time (s),getData("/I2/gnd" ?result "tran") vdd 0.5  (A),time (s),getData("/I2/gnd" ?result "tran") vdd 0.55  (A),time (s),getData("/I2/gnd" ?result "tran") vdd 0.6  (A),time (s),getData("/I2/gnd" ?result "tran") vdd 0.65  (A),time (s),getData("/I2/gnd" ?result "tran") vdd 0.7  (A),time (s),getData("/I2/gnd" ?result "tran") vdd 0.75  (A),time (s),getData("/I2/gnd" ?result "tran") vdd 0.8  (A),time (s),getData("/I2/gnd" ?result "tran") vdd 0.85  (A),time (s),getData("/I2/gnd" ?result "tran") vdd 0.9  (A),time (s),getData("/I2/gnd" ?result "tran") vdd 0.95  (A),time (s),getData("/I2/gnd" ?result "tran") vdd 1  (A),time (s),getData("/I2/gnd" ?result "tran") vdd 1.05  (A),time (s),getData("/I2/gnd" ?result "tran") vdd 1.1  (A),time (s),getData("/I2/gnd" ?result "tran") vdd 1.15  (A),time (s),getData("/I2/gnd" ?result "tran") vdd 1.2  (A)
0.000,-2.450E-9,0.000,-2.920E-9,0.000,-3.472E-9,0.000,-4.121E-9,0.000,-4.885E-9,0.000,-5.783E-9,0.000,-6.838E-9,0.000,-8.075E-9,0.000,-9.525E-9,0.000,-11.22E-9,0.000,-13.21E-9,0.000,-15.53E-9,0.000,-18.23E-9,0.000,-21.39E-9,0.000,-25.06E-9,0.000,-29.33E-9,0.000,-34.28E-9,0.000,-40.03E-9,0.000,-46.68E-9
80.00E-12,-2.450E-9,80.00E-12,-2.920E-9,80.00E-12,-3.472E-9,80.00E-12,-4.121E-9,80.00E-12,-4.885E-9,80.00E-12,-5.783E-9,80.00E-12,-6.838E-9,80.00E-12,-8.075E-9,80.00E-12,-9.525E-9,80.00E-12,-11.22E-9,80.00E-12,-13.21E-9,80.00E-12,-15.53E-9,80.00E-12,-18.23E-9,80.00E-12,-21.39E-9,80.00E-12,-25.06E-9,80.00E-12,-29.33E-9,80.00E-12,-34.28E-9,80.00E-12,-40.03E-9,80.00E-12,-46.68E-9
240.0E-12,-2.450E-9,240.0E-12,-2.920E-9,240.0E-12,-3.472E-9,240.0E-12,-4.121E-9,240.0E-12,-4.885E-9,240.0E-12,-5.783E-9,240.0E-12,-6.838E-9,240.0E-12,-8.075E-9,240.0E-12,-9.525E-9,240.0E-12,-11.22E-9,240.0E-12,-13.21E-9,240.0E-12,-15.53E-9,240.0E-12,-18.23E-9,240.0E-12,-21.39E-9,240.0E-12,-25.06E-9,240.0E-12,-29.33E-9,240.0E-12,-34.28E-9,240.0E-12,-40.03E-9,240.0E-12,-46.68E-9
560.0E-12,-2.450E-9,560.0E-12,-2.920E-9,560.0E-12,-3.472E-9,560.0E-12,-4.121E-9,560.0E-12,-4.885E-9,560.0E-12,-5.783E-9,560.0E-12,-6.838E-9,560.0E-12,-8.075E-9,560.0E-12,-9.525E-9,560.0E-12,-11.22E-9,560.0E-12,-13.21E-9,560.0E-12,-15.53E-9,560.0E-12,-18.23E-9,560.0E-12,-21.39E-9,560.0E-12,-25.06E-9,560.0E-12,-29.33E-9,560.0E-12,-34.28E-9,560.0E-12,-40.03E-9,560.0E-12,-46.68E-9
1.200E-9,-2.450E-9,1.200E-9,-2.920E-9,1.200E-9,-3.472E-9,1.200E-9,-4.121E-9,1.200E-9,-4.885E-9,1.200E-9,-5.783E-9,1.200E-9,-6.838E-9,1.200E-9,-8.075E-9,1.200E-9,-9.525E-9,1.200E-9,-11.22E-9,1.200E-9,-13.21E-9,1.200E-9,-15.53E-9,1.200E-9,-18.23E-9,1.200E-9,-21.39E-9,1.200E-9,-25.06E-9,1.200E-9,-29.33E-9,1.200E-9,-34.28E-9,1.200E-9,-40.03E-9,1.200E-9,-46.68E-9
2.480E-9,-2.450E-9,2.480E-9,-2.920E-9,2.480E-9,-3.472E-9,2.480E-9,-4.121E-9,2.480E-9,-4.885E-9,2.480E-9,-5.783E-9,2.480E-9,-6.838E-9,2.480E-9,-8.075E-9,2.480E-9,-9.525E-9,2.480E-9,-11.22E-9,2.480E-9,-13.21E-9,2.480E-9,-15.53E-9,2.480E-9,-18.23E-9,2.480E-9,-21.39E-9,2.480E-9,-25.06E-9,2.480E-9,-29.33E-9,2.480E-9,-34.28E-9,2.480E-9,-40.03E-9,2.480E-9,-46.68E-9
3.740E-9,-2.450E-9,3.740E-9,-2.920E-9,3.740E-9,-3.472E-9,3.740E-9,-4.121E-9,3.740E-9,-4.885E-9,3.740E-9,-5.783E-9,3.740E-9,-6.838E-9,3.740E-9,-8.075E-9,3.740E-9,-9.525E-9,3.740E-9,-11.22E-9,3.740E-9,-13.21E-9,3.740E-9,-15.53E-9,3.740E-9,-18.23E-9,3.740E-9,-21.39E-9,3.740E-9,-25.06E-9,3.740E-9,-29.33E-9,3.740E-9,-34.28E-9,3.740E-9,-40.03E-9,3.740E-9,-46.68E-9
5.000E-9,-2.450E-9,5.000E-9,-2.920E-9,5.000E-9,-3.472E-9,5.000E-9,-4.121E-9,5.000E-9,-4.885E-9,5.000E-9,-5.783E-9,5.000E-9,-6.838E-9,5.000E-9,-8.075E-9,5.000E-9,-9.525E-9,5.000E-9,-11.22E-9,5.000E-9,-13.21E-9,5.000E-9,-15.53E-9,5.000E-9,-18.23E-9,5.000E-9,-21.39E-9,5.000E-9,-25.06E-9,5.000E-9,-29.33E-9,5.000E-9,-34.28E-9,5.000E-9,-40.03E-9,5.000E-9,-46.68E-9
5.012E-9,-913.8E-9,5.012E-9,-1.133E-6,5.012E-9,-1.398E-6,5.012E-9,-1.728E-6,5.012E-9,-2.155E-6,5.012E-9,-2.722E-6,5.012E-9,-3.477E-6,5.012E-9,-4.463E-6,5.012E-9,-5.710E-6,5.012E-9,-7.225E-6,5.012E-9,-8.995E-6,5.012E-9,-11.00E-6,5.012E-9,-13.20E-6,5.012E-9,-15.56E-6,5.012E-9,-18.07E-6,5.012E-9,-20.70E-6,5.012E-9,-23.42E-6,5.012E-9,-26.24E-6,5.012E-9,-29.13E-6
5.021E-9,-1.759E-6,5.021E-9,-2.754E-6,5.021E-9,-4.304E-6,5.021E-9,-6.518E-6,5.021E-9,-9.361E-6,5.021E-9,-12.70E-6,5.021E-9,-16.41E-6,5.021E-9,-20.36E-6,5.021E-9,-24.50E-6,5.021E-9,-28.79E-6,5.021E-9,-33.19E-6,5.014E-9,-18.22E-6,5.021E-9,-42.29E-6,5.021E-9,-46.96E-6,5.021E-9,-51.72E-6,5.021E-9,-56.54E-6,5.021E-9,-61.43E-6,5.021E-9,-66.37E-6,5.021E-9,-71.36E-6
5.030E-9,-3.458E-6,5.030E-9,-6.169E-6,5.030E-9,-9.854E-6,5.030E-9,-14.23E-6,5.030E-9,-19.05E-6,5.030E-9,-24.20E-6,5.030E-9,-29.60E-6,5.030E-9,-35.19E-6,5.030E-9,-40.94E-6,5.030E-9,-46.82E-6,5.030E-9,-52.82E-6,5.019E-9,-29.30E-6,5.030E-9,-65.02E-6,5.026E-9,-58.42E-6,5.026E-9,-64.00E-6,5.026E-9,-69.63E-6,5.026E-9,-75.30E-6,5.026E-9,-80.99E-6,5.026E-9,-86.70E-6
5.031E-9,-2.069E-6,5.031E-9,-4.518E-6,5.031E-9,-8.006E-6,5.031E-9,-12.20E-6,5.031E-9,-16.86E-6,5.031E-9,-21.83E-6,5.031E-9,-27.03E-6,5.031E-9,-32.39E-6,5.031E-9,-37.89E-6,5.031E-9,-43.49E-6,5.031E-9,-49.18E-6,5.024E-9,-44.50E-6,5.031E-9,-60.72E-6,5.030E-9,-73.08E-6,5.030E-9,-79.22E-6,5.030E-9,-85.35E-6,5.030E-9,-91.47E-6,5.030E-9,-97.58E-6,5.030E-9,-103.7E-6
5.034E-9,-2.060E-6,5.034E-9,-4.489E-6,5.033E-9,-7.948E-6,5.034E-9,-12.08E-6,5.034E-9,-16.68E-6,5.034E-9,-21.57E-6,5.034E-9,-26.68E-6,5.034E-9,-31.94E-6,5.033E-9,-37.34E-6,5.033E-9,-42.83E-6,5.033E-9,-48.39E-6,5.027E-9,-51.12E-6,5.033E-9,-59.65E-6,5.031E-9,-66.78E-6,5.031E-9,-72.63E-6,5.031E-9,-78.48E-6,5.031E-9,-84.33E-6,5.031E-9,-90.16E-6,5.031E-9,-95.97E-6
5.036E-9,-2.055E-6,5.036E-9,-4.468E-6,5.035E-9,-7.900E-6,5.036E-9,-11.98E-6,5.036E-9,-16.52E-6,5.036E-9,-21.35E-6,5.036E-9,-26.37E-6,5.036E-9,-31.55E-6,5.036E-9,-36.84E-6,5.036E-9,-42.22E-6,5.036E-9,-47.66E-6,5.030E-9,-60.70E-6,5.035E-9,-58.67E-6,5.032E-9,-65.95E-6,5.032E-9,-71.70E-6,5.032E-9,-77.45E-6,5.032E-9,-83.19E-6,5.032E-9,-88.91E-6,5.032E-9,-94.60E-6
5.040E-9,-2.041E-6,5.040E-9,-4.421E-6,5.039E-9,-7.787E-6,5.040E-9,-11.78E-6,5.040E-9,-16.20E-6,5.040E-9,-20.88E-6,5.040E-9,-25.74E-6,5.040E-9,-30.73E-6,5.040E-9,-35.81E-6,5.040E-9,-40.96E-6,5.040E-9,-46.15E-6,5.031E-9,-55.20E-6,5.040E-9,-56.57E-6,5.034E-9,-65.24E-6,5.034E-9,-70.90E-6,5.034E-9,-76.55E-6,5.034E-9,-82.19E-6,5.034E-9,-87.81E-6,5.034E-9,-93.40E-6
5.049E-9,-2.018E-6,5.049E-9,-4.335E-6,5.047E-9,-7.585E-6,5.048E-9,-11.39E-6,5.048E-9,-15.58E-6,5.048E-9,-19.97E-6,5.048E-9,-24.49E-6,5.048E-9,-29.07E-6,5.048E-9,-33.68E-6,5.048E-9,-38.28E-6,5.048E-9,-42.84E-6,5.032E-9,-54.69E-6,5.048E-9,-51.65E-6,5.036E-9,-63.71E-6,5.036E-9,-69.17E-6,5.036E-9,-74.61E-6,5.036E-9,-80.02E-6,5.036E-9,-85.40E-6,5.036E-9,-90.75E-6
5.066E-9,-1.969E-6,5.065E-9,-4.161E-6,5.064E-9,-7.181E-6,5.065E-9,-10.62E-6,5.065E-9,-14.33E-6,5.065E-9,-18.09E-6,5.065E-9,-21.76E-6,5.064E-9,-25.19E-6,5.064E-9,-28.24E-6,5.064E-9,-30.77E-6,5.064E-9,-32.73E-6,5.033E-9,-54.26E-6,5.062E-9,-37.74E-6,5.042E-9,-60.47E-6,5.042E-9,-65.42E-6,5.042E-9,-70.30E-6,5.042E-9,-75.12E-6,5.042E-9,-79.85E-6,5.042E-9,-84.50E-6
5.100E-9,-1.879E-6,5.099E-9,-3.847E-6,5.096E-9,-6.446E-6,5.098E-9,-9.144E-6,5.098E-9,-11.59E-6,5.098E-9,-13.04E-6,5.084E-9,-17.28E-6,5.087E-9,-16.57E-6,5.083E-9,-18.59E-6,5.079E-9,-20.03E-6,5.077E-9,-20.98E-6,5.035E-9,-53.33E-6,5.073E-9,-23.97E-6,5.052E-9,-51.26E-6,5.052E-9,-54.20E-6,5.052E-9,-56.83E-6,5.052E-9,-59.18E-6,5.052E-9,-61.27E-6,5.052E-9,-63.76E-6
5.168E-9,-1.713E-6,5.166E-9,-3.290E-6,5.162E-9,-5.018E-6,5.139E-9,-6.898E-6,5.127E-9,-7.967E-6,5.124E-9,-7.323E-6,5.106E-9,-10.40E-6,5.105E-9,-9.491E-6,5.098E-9,-10.67E-6,5.093E-9,-11.37E-6,5.091E-9,-11.55E-6,5.039E-9,-51.46E-6,5.085E-9,-12.86E-6,5.064E-9,-35.59E-6,5.063E-9,-37.28E-6,5.062E-9,-38.73E-6,5.061E-9,-39.97E-6,5.061E-9,-41.03E-6,5.060E-9,-42.53E-6
5.303E-9,-1.440E-6,5.261E-9,-2.581E-6,5.223E-9,-3.154E-6,5.188E-9,-3.340E-6,5.157E-9,-4.136E-6,5.149E-9,-3.549E-6,5.125E-9,-5.612E-6,5.124E-9,-4.286E-6,5.116E-9,-4.606E-6,5.112E-9,-4.242E-6,5.102E-9,-5.937E-6,5.048E-9,-47.10E-6,5.091E-9,-8.697E-6,5.074E-9,-21.62E-6,5.073E-9,-22.46E-6,5.072E-9,-23.04E-6,5.071E-9,-23.38E-6,5.070E-9,-23.49E-6,5.069E-9,-23.94E-6
5.462E-9,-1.170E-6,5.375E-9,-1.392E-6,5.287E-9,-1.307E-6,5.227E-9,-1.495E-6,5.189E-9,-1.783E-6,5.161E-9,-2.279E-6,5.140E-9,-3.122E-6,5.146E-9,-1.485E-6,5.133E-9,-1.875E-6,5.126E-9,-1.941E-6,5.116E-9,-2.805E-6,5.064E-9,-34.24E-6,5.103E-9,-4.150E-6,5.087E-9,-9.908E-6,5.086E-9,-9.363E-6,5.085E-9,-8.289E-6,5.080E-9,-11.77E-6,5.078E-9,-12.78E-6,5.077E-9,-13.03E-6
5.644E-9,-784.6E-9,5.481E-9,-491.5E-9,5.355E-9,-404.0E-9,5.243E-9,-1.029E-6,5.219E-9,-672.5E-9,5.183E-9,-1.094E-6,5.159E-9,-1.456E-6,5.162E-9,-740.7E-9,5.148E-9,-858.4E-9,5.140E-9,-764.3E-9,5.128E-9,-1.159E-6,5.076E-9,-21.45E-6,5.113E-9,-1.773E-6,5.099E-9,-4.046E-6,5.097E-9,-4.098E-6,5.096E-9,-3.850E-6,5.090E-9,-5.504E-6,5.088E-9,-6.011E-6,5.087E-9,-6.158E-6
5.939E-9,-144.0E-9,5.523E-9,-318.6E-9,5.407E-9,-135.1E-9,5.274E-9,-504.8E-9,5.244E-9,-341.8E-9,5.204E-9,-457.4E-9,5.177E-9,-636.1E-9,5.180E-9,-233.0E-9,5.164E-9,-332.4E-9,5.156E-9,-391.7E-9,5.142E-9,-574.8E-9,5.089E-9,-11.47E-6,5.126E-9,-859.1E-9,5.110E-9,-1.840E-6,5.107E-9,-1.704E-6,5.106E-9,-1.415E-6,5.100E-9,-2.179E-6,5.097E-9,-2.417E-6,5.095E-9,-2.449E-6
6.106E-9,-54.13E-9,5.607E-9,-113.0E-9,5.455E-9,-78.63E-9,5.305E-9,-217.2E-9,5.273E-9,-99.14E-9,5.229E-9,-220.0E-9,5.198E-9,-287.5E-9,5.202E-9,-139.3E-9,5.184E-9,-122.2E-9,5.175E-9,-29.51E-9,5.159E-9,-71.87E-9,5.095E-9,-7.677E-6,5.140E-9,-112.9E-9,5.121E-9,-722.1E-9,5.119E-9,-783.7E-9,5.117E-9,-801.5E-9,5.110E-9,-1.159E-6,5.107E-9,-1.255E-6,5.106E-9,-1.277E-6
6.281E-9,-8.511E-9,5.675E-9,-56.30E-9,5.510E-9,-6.178E-9,5.347E-9,-88.87E-9,5.308E-9,-65.36E-9,5.259E-9,-17.68E-9,5.223E-9,-55.28E-9,5.232E-9,33.69E-9,5.211E-9,-3.686E-9,5.201E-9,-74.87E-9,5.182E-9,-108.5E-9,5.108E-9,-3.712E-6,5.159E-9,-178.2E-9,5.135E-9,-276.8E-9,5.132E-9,-166.4E-9,5.131E-9,-6.530E-9,5.123E-9,-105.6E-9,5.119E-9,-124.1E-9,5.118E-9,-101.7E-9
6.419E-9,-10.86E-9,5.770E-9,-10.95E-9,5.589E-9,-19.35E-9,5.394E-9,-10.56E-9,5.357E-9,21.90E-9,5.298E-9,-46.73E-9,5.256E-9,-41.39E-9,5.273E-9,-48.36E-9,5.249E-9,-14.39E-9,5.239E-9,62.76E-9,5.213E-9,81.06E-9,5.119E-9,-1.551E-6,5.185E-9,127.5E-9,5.154E-9,-16.69E-9,5.151E-9,-94.97E-9,5.150E-9,-193.3E-9,5.139E-9,-257.1E-9,5.135E-9,-273.3E-9,5.133E-9,-286.2E-9
6.629E-9,4.269E-9,5.879E-9,-8.168E-9,5.703E-9,15.50E-9,5.458E-9,-13.65E-9,5.425E-9,-27.31E-9,5.352E-9,37.85E-9,5.301E-9,26.55E-9,5.336E-9,48.39E-9,5.305E-9,14.43E-9,5.295E-9,-62.40E-9,5.259E-9,-81.40E-9,5.133E-9,-791.4E-9,5.223E-9,-129.8E-9,5.179E-9,-31.89E-9,5.176E-9,56.08E-9,5.177E-9,169.5E-9,5.162E-9,198.0E-9,5.157E-9,208.0E-9,5.155E-9,225.5E-9
6.924E-9,-5.351E-9,6.038E-9,4.406E-9,5.874E-9,-15.50E-9,5.546E-9,11.08E-9,5.529E-9,27.42E-9,5.434E-9,-37.89E-9,5.368E-9,-26.77E-9,5.444E-9,-48.52E-9,5.402E-9,-14.61E-9,5.398E-9,62.06E-9,5.339E-9,81.16E-9,5.148E-9,-74.49E-9,5.286E-9,129.7E-9,5.217E-9,30.61E-9,5.214E-9,-56.38E-9,5.217E-9,-169.4E-9,5.196E-9,-199.9E-9,5.190E-9,-210.5E-9,5.187E-9,-227.6E-9
7.421E-9,5.288E-9,6.265E-9,-4.528E-9,6.162E-9,15.45E-9,5.686E-9,-11.03E-9,5.711E-9,-27.51E-9,5.577E-9,37.80E-9,5.483E-9,26.70E-9,5.660E-9,48.30E-9,5.596E-9,14.34E-9,5.602E-9,-62.37E-9,5.497E-9,-81.59E-9,5.168E-9,-184.6E-9,5.411E-9,-130.4E-9,5.280E-9,-31.03E-9,5.280E-9,55.57E-9,5.291E-9,168.1E-9,5.252E-9,198.8E-9,5.244E-9,209.2E-9,5.243E-9,225.8E-9
8.223E-9,-5.316E-9,6.655E-9,4.498E-9,6.740E-9,-15.52E-9,5.939E-9,10.95E-9,6.077E-9,27.41E-9,5.862E-9,-37.94E-9,5.713E-9,-26.88E-9,6.091E-9,-48.50E-9,5.985E-9,-14.60E-9,6.012E-9,62.04E-9,5.814E-9,81.18E-9,5.195E-9,139.5E-9,5.663E-9,129.8E-9,5.406E-9,30.19E-9,5.412E-9,-56.57E-9,5.437E-9,-169.3E-9,5.366E-9,-200.4E-9,5.353E-9,-211.1E-9,5.353E-9,-228.1E-9
9.823E-9,5.272E-9,7.435E-9,-4.552E-9,7.895E-9,15.45E-9,6.445E-9,-11.03E-9,6.807E-9,-27.51E-9,6.432E-9,37.81E-9,6.173E-9,26.72E-9,6.953E-9,48.29E-9,6.761E-9,14.33E-9,6.830E-9,-62.36E-9,6.449E-9,-81.60E-9,5.235E-9,-141.5E-9,6.165E-9,-130.4E-9,5.658E-9,-30.96E-9,5.676E-9,55.59E-9,5.731E-9,168.1E-9,5.593E-9,198.9E-9,5.571E-9,209.3E-9,5.574E-9,225.9E-9
11.42E-9,-5.311E-9,8.995E-9,4.500E-9,9.495E-9,-15.52E-9,7.458E-9,10.95E-9,8.268E-9,27.41E-9,7.574E-9,-37.94E-9,7.093E-9,-26.89E-9,8.553E-9,-48.50E-9,8.315E-9,-14.59E-9,8.430E-9,62.03E-9,7.717E-9,81.19E-9,5.302E-9,141.4E-9,7.170E-9,129.8E-9,6.163E-9,30.16E-9,6.205E-9,-56.57E-9,6.317E-9,-169.3E-9,6.046E-9,-200.4E-9,6.008E-9,-211.1E-9,6.016E-9,-228.1E-9
13.02E-9,5.268E-9,10.59E-9,-4.553E-9,11.10E-9,15.45E-9,9.058E-9,-11.03E-9,9.868E-9,-27.51E-9,9.174E-9,37.81E-9,8.693E-9,26.73E-9,10.15E-9,48.29E-9,9.915E-9,14.33E-9,10.03E-9,-62.36E-9,9.317E-9,-81.60E-9,5.435E-9,-142.0E-9,8.770E-9,-130.4E-9,7.173E-9,-30.95E-9,7.261E-9,55.59E-9,7.491E-9,168.1E-9,6.954E-9,198.9E-9,6.880E-9,209.3E-9,6.899E-9,225.9E-9
13.98E-9,-5.309E-9,12.19E-9,4.501E-9,12.70E-9,-15.52E-9,10.66E-9,10.95E-9,11.47E-9,27.41E-9,10.77E-9,-37.94E-9,10.29E-9,-26.89E-9,11.75E-9,-48.49E-9,11.51E-9,-14.59E-9,11.63E-9,62.03E-9,10.92E-9,81.19E-9,5.701E-9,141.5E-9,10.37E-9,129.8E-9,8.773E-9,30.16E-9,8.861E-9,-56.57E-9,9.091E-9,-169.3E-9,8.554E-9,-200.4E-9,8.480E-9,-211.1E-9,8.499E-9,-228.1E-9
14.93E-9,5.266E-9,13.79E-9,-4.553E-9,13.81E-9,15.45E-9,12.26E-9,-11.03E-9,13.07E-9,-27.51E-9,12.37E-9,37.81E-9,11.89E-9,26.73E-9,13.35E-9,48.29E-9,13.11E-9,14.33E-9,13.23E-9,-62.36E-9,12.52E-9,-81.60E-9,6.234E-9,-142.0E-9,11.97E-9,-130.4E-9,10.37E-9,-30.95E-9,10.46E-9,55.59E-9,10.69E-9,168.1E-9,10.15E-9,198.9E-9,10.08E-9,209.3E-9,10.10E-9,225.9E-9
14.94E-9,1.024E-6,14.93E-9,4.502E-9,14.93E-9,-15.52E-9,13.86E-9,10.95E-9,14.00E-9,27.41E-9,13.65E-9,-37.94E-9,13.49E-9,-26.89E-9,14.93E-9,-48.49E-9,14.02E-9,-14.59E-9,14.08E-9,62.03E-9,13.72E-9,81.19E-9,7.299E-9,141.5E-9,13.57E-9,129.8E-9,11.97E-9,30.15E-9,12.06E-9,-56.57E-9,12.29E-9,-169.3E-9,11.75E-9,-200.4E-9,11.68E-9,-211.1E-9,11.70E-9,-228.1E-9
14.95E-9,674.6E-9,14.94E-9,1.275E-6,14.94E-9,1.564E-6,14.93E-9,-11.03E-9,14.93E-9,-27.51E-9,14.93E-9,37.81E-9,14.93E-9,26.73E-9,14.94E-9,3.137E-6,14.93E-9,14.33E-9,14.93E-9,-62.36E-9,14.93E-9,-81.60E-9,8.899E-9,-142.0E-9,14.93E-9,-130.4E-9,13.57E-9,-30.94E-9,13.66E-9,55.59E-9,13.61E-9,168.1E-9,13.35E-9,198.9E-9,13.28E-9,209.3E-9,13.30E-9,225.9E-9
14.96E-9,822.3E-9,14.95E-9,755.2E-9,14.95E-9,887.2E-9,14.94E-9,1.887E-6,14.94E-9,2.257E-6,14.94E-9,2.549E-6,14.94E-9,2.863E-6,14.95E-9,1.533E-6,14.94E-9,3.760E-6,14.94E-9,4.130E-6,14.94E-9,4.191E-6,10.50E-9,141.5E-9,14.94E-9,4.100E-6,14.93E-9,30.15E-9,14.93E-9,-56.57E-9,14.93E-9,-169.3E-9,14.93E-9,-200.4E-9,14.10E-9,-211.1E-9,14.11E-9,-228.1E-9
14.96E-9,-17.63E-9,14.96E-9,953.5E-9,14.96E-9,1.013E-6,14.95E-9,1.066E-6,14.95E-9,1.366E-6,14.95E-9,1.258E-6,14.95E-9,1.251E-6,14.96E-9,770.8E-9,14.95E-9,2.260E-6,14.95E-9,2.539E-6,14.95E-9,1.930E-6,12.10E-9,-142.0E-9,14.95E-9,1.655E-6,14.94E-9,3.990E-6,14.94E-9,4.058E-6,14.94E-9,3.562E-6,14.94E-9,1.855E-6,14.93E-9,209.3E-9,14.93E-9,225.9E-9
14.96E-9,-17.43E-9,14.96E-9,-52.75E-9,14.96E-9,-118.7E-9,14.96E-9,1.003E-6,14.96E-9,897.2E-9,14.96E-9,947.4E-9,14.96E-9,907.2E-9,14.96E-9,-800.7E-9,14.95E-9,1.034E-6,14.95E-9,1.144E-6,14.96E-9,530.6E-9,13.70E-9,141.5E-9,14.96E-9,801.0E-9,14.95E-9,1.580E-6,14.95E-9,1.422E-6,14.95E-9,1.280E-6,14.95E-9,1.110E-6,14.94E-9,5.298E-6,14.94E-9,5.170E-6
14.97E-9,-17.67E-9,14.96E-9,-52.56E-9,14.96E-9,-118.8E-9,14.96E-9,-215.5E-9,14.96E-9,-341.1E-9,14.96E-9,-500.5E-9,14.96E-9,-640.8E-9,14.96E-9,-782.1E-9,14.96E-9,964.1E-9,14.96E-9,947.9E-9,14.96E-9,-1.336E-6,14.93E-9,-142.1E-9,14.96E-9,-1.718E-6,14.96E-9,890.9E-9,14.96E-9,1.056E-6,14.96E-9,1.116E-6,14.96E-9,2.637E-6,14.95E-9,536.5E-9,14.94E-9,4.581E-6
14.97E-9,-17.47E-9,14.97E-9,-52.83E-9,14.97E-9,-119.3E-9,14.96E-9,-217.8E-9,14.96E-9,-358.9E-9,14.96E-9,-470.0E-9,14.96E-9,-621.0E-9,14.97E-9,-779.4E-9,14.96E-9,-973.8E-9,14.96E-9,-1.154E-6,14.96E-9,-1.312E-6,14.94E-9,4.321E-6,14.96E-9,-1.686E-6,14.96E-9,-1.913E-6,14.96E-9,-2.110E-6,14.96E-9,-2.305E-6,14.96E-9,-950.5E-9,14.95E-9,2.286E-6,14.95E-9,1.217E-6
14.98E-9,-17.75E-9,14.97E-9,-52.67E-9,14.97E-9,-119.9E-9,14.97E-9,-219.8E-9,14.97E-9,-331.1E-9,14.97E-9,-478.8E-9,14.97E-9,-622.3E-9,14.97E-9,-756.1E-9,14.96E-9,-958.0E-9,14.96E-9,-1.136E-6,14.97E-9,-1.297E-6,14.95E-9,1.859E-6,14.97E-9,-1.663E-6,14.96E-9,-1.875E-6,14.96E-9,-2.065E-6,14.96E-9,-2.255E-6,14.96E-9,-2.511E-6,14.96E-9,1.312E-6,14.95E-9,169.4E-9
15.00E-9,-17.65E-9,14.98E-9,-53.13E-9,14.98E-9,-124.8E-9,14.97E-9,-225.6E-9,14.97E-9,-337.1E-9,14.97E-9,-452.5E-9,14.97E-9,-602.1E-9,14.98E-9,-732.0E-9,14.96E-9,-953.3E-9,14.96E-9,-1.127E-6,14.97E-9,-1.257E-6,14.96E-9,651.1E-9,14.97E-9,-1.609E-6,14.97E-9,-1.848E-6,14.97E-9,-2.031E-6,14.97E-9,-2.217E-6,14.96E-9,-2.463E-6,14.96E-9,49.18E-9,14.96E-9,3.126E-6
15.03E-9,-18.16E-9,14.99E-9,-53.98E-9,15.00E-9,-110.4E-9,14.98E-9,-200.1E-9,14.98E-9,-309.4E-9,14.98E-9,-454.1E-9,14.98E-9,-590.6E-9,14.99E-9,-667.0E-9,14.97E-9,-932.1E-9,14.97E-9,-1.100E-6,14.98E-9,-1.188E-6,14.96E-9,-1.526E-6,14.98E-9,-1.509E-6,14.97E-9,-1.784E-6,14.97E-9,-1.954E-6,14.97E-9,-2.129E-6,14.96E-9,-2.443E-6,14.96E-9,-2.720E-6,14.96E-9,-1.419E-6
15.11E-9,-18.55E-9,15.03E-9,-52.74E-9,15.03E-9,-112.0E-9,15.00E-9,-207.2E-9,15.00E-9,-308.7E-9,14.99E-9,-412.3E-9,14.99E-9,-545.4E-9,15.03E-9,-525.6E-9,14.97E-9,-904.7E-9,14.97E-9,-1.058E-6,14.99E-9,-1.022E-6,14.96E-9,-1.498E-6,14.99E-9,-1.236E-6,14.98E-9,-1.662E-6,14.98E-9,-1.800E-6,14.98E-9,-1.951E-6,14.97E-9,-2.367E-6,14.96E-9,-2.677E-6,14.96E-9,-2.920E-6
15.25E-9,-16.47E-9,15.10E-9,-47.26E-9,15.10E-9,-93.62E-9,15.03E-9,-175.8E-9,15.04E-9,-261.6E-9,15.03E-9,-381.0E-9,15.02E-9,-480.7E-9,15.06E-9,-289.0E-9,14.99E-9,-839.6E-9,14.99E-9,-965.9E-9,15.02E-9,-658.3E-9,14.97E-9,-1.478E-6,15.01E-9,-797.8E-9,14.99E-9,-1.299E-6,14.99E-9,-1.483E-6,14.99E-9,-1.400E-6,14.97E-9,-2.248E-6,14.96E-9,-2.652E-6,14.96E-9,-2.859E-6
15.55E-9,-16.38E-9,15.23E-9,-44.92E-9,15.24E-9,-84.30E-9,15.10E-9,-166.0E-9,15.11E-9,-206.1E-9,15.06E-9,-303.9E-9,15.04E-9,-389.2E-9,15.08E-9,-164.1E-9,15.01E-9,-704.0E-9,15.01E-9,-705.7E-9,15.03E-9,-377.1E-9,14.97E-9,-1.431E-6,15.02E-9,-474.4E-9,15.01E-9,-824.2E-9,15.00E-9,-968.2E-9,15.00E-9,-865.7E-9,14.98E-9,-1.894E-6,14.97E-9,-2.581E-6,14.96E-9,-2.830E-6
16.13E-9,-13.01E-9,15.49E-9,-35.20E-9,15.40E-9,-48.82E-9,15.21E-9,-93.27E-9,15.17E-9,-77.68E-9,15.09E-9,-226.5E-9,15.08E-9,-222.8E-9,15.11E-9,-58.42E-9,15.04E-9,-415.1E-9,15.03E-9,-401.9E-9,15.05E-9,-207.4E-9,14.98E-9,-1.345E-6,15.04E-9,-238.0E-9,15.02E-9,-496.7E-9,15.01E-9,-601.5E-9,15.01E-9,-530.8E-9,14.99E-9,-1.300E-6,14.97E-9,-2.457E-6,14.97E-9,-2.732E-6
16.72E-9,-12.51E-9,15.75E-9,-30.24E-9,15.54E-9,-23.57E-9,15.30E-9,-49.80E-9,15.22E-9,-51.82E-9,15.12E-9,-112.4E-9,15.10E-9,-122.5E-9,15.13E-9,-40.52E-9,15.06E-9,-233.8E-9,15.05E-9,-234.0E-9,15.07E-9,-84.08E-9,14.99E-9,-1.120E-6,15.05E-9,-122.0E-9,15.03E-9,-206.4E-9,15.03E-9,-264.2E-9,15.02E-9,-297.7E-9,15.00E-9,-794.4E-9,14.98E-9,-2.126E-6,14.97E-9,-2.568E-6
17.47E-9,-7.611E-9,15.88E-9,-21.66E-9,15.66E-9,-5.754E-9,15.37E-9,-11.93E-9,15.25E-9,-12.84E-9,15.16E-9,-70.12E-9,15.12E-9,-74.70E-9,15.15E-9,-13.78E-9,15.08E-9,-110.4E-9,15.07E-9,-121.7E-9,15.08E-9,-61.08E-9,15.01E-9,-720.6E-9,15.06E-9,-71.97E-9,15.05E-9,-122.6E-9,15.04E-9,-148.8E-9,15.03E-9,-192.0E-9,15.02E-9,-446.8E-9,14.99E-9,-1.482E-6,14.98E-9,-2.034E-6
18.19E-9,-4.559E-9,16.12E-9,-11.65E-9,15.75E-9,-8.720E-9,15.42E-9,-17.06E-9,15.29E-9,-23.95E-9,15.19E-9,-19.29E-9,15.15E-9,-35.67E-9,15.18E-9,-18.65E-9,15.10E-9,-54.42E-9,15.08E-9,-80.02E-9,15.10E-9,-21.40E-9,15.03E-9,-422.0E-9,15.08E-9,-38.68E-9,15.06E-9,-60.58E-9,15.05E-9,-80.31E-9,15.05E-9,-85.10E-9,15.03E-9,-215.1E-9,15.00E-9,-915.3E-9,14.99E-9,-1.352E-6
18.81E-9,-2.221E-9,16.32E-9,-4.600E-9,15.84E-9,-1.203E-9,15.48E-9,-487.6E-12,15.34E-9,2.367E-9,15.22E-9,-26.09E-9,15.17E-9,-23.73E-9,15.21E-9,-3.198E-9,15.12E-9,-31.03E-9,15.10E-9,-30.45E-9,15.12E-9,-27.85E-9,15.04E-9,-220.1E-9,15.09E-9,-28.28E-9,15.07E-9,-46.19E-9,15.06E-9,-52.95E-9,15.06E-9,-75.50E-9,15.04E-9,-145.3E-9,15.01E-9,-540.1E-9,15.00E-9,-838.7E-9
19.40E-9,-3.074E-9,16.53E-9,-4.833E-9,15.95E-9,-6.846E-9,15.54E-9,-11.54E-9,15.39E-9,-16.68E-9,15.25E-9,-624.1E-12,15.20E-9,-10.19E-9,15.26E-9,-14.22E-9,15.14E-9,-18.08E-9,15.12E-9,-31.80E-9,15.15E-9,-5.987E-9,15.06E-9,-105.2E-9,15.12E-9,-17.93E-9,15.09E-9,-21.92E-9,15.08E-9,-31.18E-9,15.07E-9,-23.96E-9,15.05E-9,-64.85E-9,15.02E-9,-247.2E-9,15.02E-9,-371.4E-9
19.87E-9,-1.916E-9,16.71E-9,-2.181E-9,16.11E-9,-387.9E-12,15.63E-9,2.076E-9,15.46E-9,5.656E-9,15.30E-9,-16.65E-9,15.24E-9,-10.91E-9,15.32E-9,-2.046E-9,15.17E-9,-12.46E-9,15.14E-9,-5.660E-9,15.18E-9,-21.89E-9,15.07E-9,-66.12E-9,15.15E-9,-20.53E-9,15.12E-9,-28.07E-9,15.10E-9,-29.33E-9,15.09E-9,-47.62E-9,15.06E-9,-64.65E-9,15.03E-9,-173.0E-9,15.03E-9,-216.5E-9
20.52E-9,-3.010E-9,16.93E-9,-4.072E-9,16.34E-9,-6.587E-9,15.74E-9,-10.55E-9,15.55E-9,-15.63E-9,15.35E-9,3.464E-9,15.28E-9,-4.823E-9,15.42E-9,-14.09E-9,15.20E-9,-9.825E-9,15.17E-9,-21.10E-9,15.23E-9,-4.627E-9,15.09E-9,-31.19E-9,15.19E-9,-16.08E-9,15.15E-9,-15.93E-9,15.13E-9,-22.80E-9,15.12E-9,-13.74E-9,15.08E-9,-25.37E-9,15.04E-9,-73.92E-9,15.04E-9,-123.4E-9
21.56E-9,-1.893E-9,17.22E-9,-1.864E-9,16.69E-9,-353.9E-12,15.92E-9,2.296E-9,15.69E-9,5.857E-9,15.43E-9,-15.27E-9,15.35E-9,-9.164E-9,15.61E-9,-2.060E-9,15.25E-9,-9.713E-9,15.22E-9,-2.077E-9,15.31E-9,-21.77E-9,15.11E-9,-27.07E-9,15.26E-9,-20.37E-9,15.19E-9,-26.86E-9,15.17E-9,-27.41E-9,15.16E-9,-45.09E-9,15.10E-9,-48.40E-9,15.06E-9,-78.99E-9,15.05E-9,-84.36E-9
23.16E-9,-3.007E-9,17.67E-9,-3.986E-9,17.31E-9,-6.590E-9,16.19E-9,-10.54E-9,15.93E-9,-15.63E-9,15.54E-9,3.699E-9,15.44E-9,-4.512E-9,16.00E-9,-14.09E-9,15.32E-9,-9.339E-9,15.28E-9,-20.38E-9,15.47E-9,-4.647E-9,15.13E-9,-12.77E-9,15.40E-9,-16.09E-9,15.27E-9,-15.91E-9,15.24E-9,-22.69E-9,15.22E-9,-13.54E-9,15.13E-9,-20.79E-9,15.07E-9,-27.70E-9,15.06E-9,-55.85E-9
24.08E-9,-1.893E-9,18.37E-9,-1.853E-9,18.56E-9,-353.8E-12,16.74E-9,2.293E-9,16.40E-9,5.855E-9,15.74E-9,-15.26E-9,15.60E-9,-9.161E-9,16.76E-9,-2.060E-9,15.45E-9,-9.707E-9,15.38E-9,-2.059E-9,15.79E-9,-21.77E-9,15.16E-9,-20.08E-9,15.68E-9,-20.37E-9,15.43E-9,-26.86E-9,15.37E-9,-27.43E-9,15.33E-9,-45.11E-9,15.18E-9,-47.73E-9,15.09E-9,-59.15E-9,15.08E-9,-51.76E-9
25.00E-9,-3.007E-9,19.71E-9,-3.987E-9,20.16E-9,-6.590E-9,17.85E-9,-10.54E-9,17.35E-9,-15.63E-9,16.12E-9,3.696E-9,15.93E-9,-4.515E-9,18.29E-9,-14.09E-9,15.69E-9,-9.344E-9,15.59E-9,-20.39E-9,16.44E-9,-4.649E-9,15.21E-9,-11.11E-9,16.23E-9,-16.10E-9,15.74E-9,-15.91E-9,15.64E-9,-22.68E-9,15.57E-9,-13.55E-9,15.27E-9,-20.83E-9,15.12E-9,-21.85E-9,15.10E-9,-44.38E-9
25.01E-9,-889.4E-9,21.31E-9,-1.852E-9,21.76E-9,-353.8E-12,19.45E-9,2.293E-9,18.95E-9,5.855E-9,16.90E-9,-15.26E-9,16.58E-9,-9.160E-9,19.89E-9,-2.061E-9,16.19E-9,-9.706E-9,16.01E-9,-2.060E-9,17.72E-9,-21.77E-9,15.28E-9,-19.93E-9,17.34E-9,-20.37E-9,16.37E-9,-26.86E-9,16.18E-9,-27.43E-9,16.04E-9,-45.10E-9,15.45E-9,-47.73E-9,15.17E-9,-58.17E-9,15.14E-9,-49.12E-9
25.02E-9,-1.516E-6,22.91E-9,-3.987E-9,23.36E-9,-6.590E-9,21.05E-9,-10.54E-9,20.55E-9,-15.62E-9,18.45E-9,3.695E-9,17.88E-9,-4.515E-9,21.49E-9,-14.09E-9,17.17E-9,-9.344E-9,16.84E-9,-20.38E-9,19.32E-9,-4.649E-9,15.43E-9,-11.13E-9,18.94E-9,-16.10E-9,17.63E-9,-15.91E-9,17.25E-9,-22.68E-9,16.98E-9,-13.55E-9,15.80E-9,-20.83E-9,15.25E-9,-21.89E-9,15.20E-9,-44.23E-9
25.03E-9,-3.491E-6,23.96E-9,-1.852E-9,24.18E-9,-353.8E-12,22.65E-9,2.293E-9,22.15E-9,5.854E-9,20.05E-9,-15.26E-9,19.48E-9,-9.160E-9,23.09E-9,-2.061E-9,18.77E-9,-9.706E-9,18.44E-9,-2.060E-9,20.92E-9,-21.77E-9,15.72E-9,-19.93E-9,20.54E-9,-20.37E-9,19.23E-9,-26.86E-9,18.85E-9,-27.43E-9,18.58E-9,-45.10E-9,16.51E-9,-47.73E-9,15.40E-9,-58.16E-9,15.31E-9,-49.14E-9
25.03E-9,-2.068E-6,25.00E-9,-3.987E-9,25.00E-9,-6.590E-9,23.82E-9,-10.54E-9,23.75E-9,-15.62E-9,21.65E-9,3.695E-9,21.08E-9,-4.515E-9,24.04E-9,-14.09E-9,20.37E-9,-9.344E-9,20.04E-9,-20.38E-9,22.52E-9,-4.650E-9,16.30E-9,-11.13E-9,22.14E-9,-16.10E-9,20.83E-9,-15.91E-9,20.45E-9,-22.68E-9,20.18E-9,-13.55E-9,17.92E-9,-20.83E-9,15.72E-9,-21.89E-9,15.54E-9,-44.23E-9
25.03E-9,-2.058E-6,25.01E-9,-1.107E-6,25.01E-9,-1.290E-6,25.00E-9,2.293E-9,25.00E-9,5.854E-9,23.25E-9,-15.26E-9,22.68E-9,-9.160E-9,25.00E-9,-2.061E-9,21.97E-9,-9.706E-9,21.64E-9,-2.060E-9,23.76E-9,-21.77E-9,17.47E-9,-19.93E-9,23.74E-9,-20.37E-9,22.43E-9,-26.86E-9,22.05E-9,-27.43E-9,21.78E-9,-45.10E-9,19.52E-9,-47.73E-9,16.34E-9,-58.16E-9,16.00E-9,-49.14E-9
25.04E-9,-2.053E-6,25.02E-9,-2.464E-6,25.02E-9,-3.042E-6,25.01E-9,-1.706E-6,25.01E-9,-2.176E-6,24.13E-9,3.695E-9,23.84E-9,-4.515E-9,25.01E-9,-3.569E-6,23.57E-9,-9.344E-9,23.24E-9,-20.38E-9,25.00E-9,-4.650E-9,19.07E-9,-11.13E-9,25.00E-9,-16.10E-9,23.72E-9,-15.91E-9,23.65E-9,-22.68E-9,23.38E-9,-13.55E-9,21.12E-9,-20.83E-9,17.59E-9,-21.89E-9,16.92E-9,-44.23E-9
25.04E-9,-2.037E-6,25.03E-9,-6.204E-6,25.03E-9,-9.982E-6,25.02E-9,-6.364E-6,25.02E-9,-9.629E-6,25.00E-9,-15.26E-9,25.00E-9,-9.160E-9,25.02E-9,-16.55E-6,25.00E-9,-9.705E-9,24.12E-9,-2.061E-9,25.01E-9,-8.881E-6,20.67E-9,-19.93E-9,25.01E-9,-13.24E-6,25.00E-9,-26.86E-9,25.00E-9,-27.43E-9,24.19E-9,-45.10E-9,22.72E-9,-47.73E-9,19.19E-9,-58.16E-9,18.52E-9,-49.14E-9
25.05E-9,-2.011E-6,25.03E-9,-4.516E-6,25.03E-9,-7.987E-6,25.03E-9,-14.24E-6,25.03E-9,-19.04E-6,25.01E-9,-2.253E-6,25.01E-9,-3.300E-6,25.03E-9,-26.06E-6,25.01E-9,-6.627E-6,25.00E-9,-20.38E-9,25.02E-9,-32.97E-6,22.27E-9,-11.13E-9,25.02E-9,-42.36E-6,25.01E-9,-15.86E-6,25.01E-9,-19.22E-6,25.00E-9,-13.55E-9,23.86E-9,-20.83E-9,20.79E-9,-21.89E-9,20.12E-9,-44.23E-9
25.07E-9,-1.955E-6,25.03E-9,-4.486E-6,25.03E-9,-7.919E-6,25.03E-9,-12.20E-6,25.03E-9,-16.86E-6,25.02E-9,-9.199E-6,25.02E-9,-15.61E-6,25.03E-9,-36.90E-6,25.02E-9,-27.18E-6,25.01E-9,-5.106E-6,25.03E-9,-52.83E-6,23.87E-9,-19.93E-9,25.03E-9,-65.02E-6,25.02E-9,-47.49E-6,25.02E-9,-53.67E-6,25.01E-9,-13.95E-6,25.00E-9,-47.73E-9,22.39E-9,-58.16E-9,21.72E-9,-49.14E-9
25.11E-9,-1.855E-6,25.04E-9,-4.465E-6,25.04E-9,-7.856E-6,25.03E-9,-12.08E-6,25.03E-9,-16.68E-6,25.02E-9,-16.48E-6,25.03E-9,-29.61E-6,25.03E-9,-32.53E-6,25.03E-9,-40.92E-6,25.02E-9,-22.45E-6,25.03E-9,-49.19E-6,25.00E-9,-11.13E-9,25.03E-9,-60.71E-6,25.03E-9,-71.18E-6,25.03E-9,-77.35E-6,25.02E-9,-44.40E-6,25.01E-9,-21.54E-6,23.70E-9,-21.89E-9,23.32E-9,-44.23E-9
25.19E-9,-1.672E-6,25.04E-9,-4.414E-6,25.04E-9,-7.725E-6,25.04E-9,-11.98E-6,25.04E-9,-16.53E-6,25.03E-9,-25.47E-6,25.03E-9,-27.03E-6,25.03E-9,-32.21E-6,25.03E-9,-37.86E-6,25.02E-9,-33.21E-6,25.03E-9,-48.39E-6,25.01E-9,-9.810E-6,25.03E-9,-59.65E-6,25.03E-9,-66.52E-6,25.03E-9,-72.31E-6,25.02E-9,-59.66E-6,25.02E-9,-58.33E-6,25.00E-9,-58.16E-9,24.16E-9,-49.14E-9
25.34E-9,-1.377E-6,25.05E-9,-4.321E-6,25.05E-9,-7.477E-6,25.04E-9,-11.77E-6,25.04E-9,-16.21E-6,25.03E-9,-21.88E-6,25.03E-9,-26.68E-6,25.03E-9,-31.94E-6,25.03E-9,-37.32E-6,25.03E-9,-48.80E-6,25.04E-9,-47.66E-6,25.02E-9,-35.20E-6,25.04E-9,-58.67E-6,25.03E-9,-65.31E-6,25.03E-9,-70.95E-6,25.03E-9,-74.13E-6,25.03E-9,-76.95E-6,25.01E-9,-26.97E-6,25.00E-9,-44.23E-9
25.50E-9,-1.107E-6,25.07E-9,-4.137E-6,25.07E-9,-6.997E-6,25.05E-9,-11.38E-6,25.05E-9,-15.59E-6,25.03E-9,-21.67E-6,25.04E-9,-26.36E-6,25.04E-9,-31.37E-6,25.04E-9,-36.87E-6,25.03E-9,-43.61E-6,25.04E-9,-46.14E-6,25.03E-9,-46.19E-6,25.04E-9,-56.58E-6,25.04E-9,-64.19E-6,25.04E-9,-69.73E-6,25.03E-9,-83.75E-6,25.03E-9,-91.63E-6,25.02E-9,-67.53E-6,25.01E-9,-21.14E-6
25.69E-9,-654.6E-9,25.10E-9,-3.803E-6,25.11E-9,-6.120E-6,25.07E-9,-10.60E-6,25.06E-9,-14.37E-6,25.03E-9,-21.51E-6,25.04E-9,-25.71E-6,25.04E-9,-30.26E-6,25.04E-9,-35.93E-6,25.03E-9,-43.04E-6,25.05E-9,-42.80E-6,25.03E-9,-60.93E-6,25.05E-9,-51.67E-6,25.04E-9,-61.80E-6,25.04E-9,-67.06E-6,25.03E-9,-78.84E-6,25.03E-9,-84.46E-6,25.03E-9,-95.93E-6,25.02E-9,-58.27E-6
25.91E-9,-194.2E-9,25.18E-9,-3.217E-6,25.18E-9,-4.445E-6,25.10E-9,-9.106E-6,25.10E-9,-11.69E-6,25.04E-9,-21.15E-6,25.05E-9,-24.42E-6,25.05E-9,-27.88E-6,25.05E-9,-34.01E-6,25.03E-9,-42.56E-6,25.06E-9,-32.59E-6,25.03E-9,-55.17E-6,25.06E-9,-37.76E-6,25.05E-9,-55.96E-6,25.05E-9,-60.39E-6,25.03E-9,-77.91E-6,25.03E-9,-83.37E-6,25.03E-9,-89.77E-6,25.02E-9,-76.30E-6
25.98E-9,-138.0E-9,25.27E-9,-2.503E-6,25.25E-9,-2.307E-6,25.14E-9,-6.881E-6,25.13E-9,-8.154E-6,25.04E-9,-20.48E-6,25.07E-9,-21.58E-6,25.08E-9,-21.32E-6,25.06E-9,-29.29E-6,25.04E-9,-41.54E-6,25.08E-9,-20.85E-6,25.03E-9,-54.50E-6,25.07E-9,-23.99E-6,25.06E-9,-40.79E-6,25.06E-9,-44.00E-6,25.03E-9,-77.11E-6,25.03E-9,-82.44E-6,25.03E-9,-87.91E-6,25.03E-9,-91.81E-6
26.11E-9,-53.59E-9,25.39E-9,-1.203E-6,25.31E-9,-914.9E-9,25.19E-9,-3.343E-6,25.16E-9,-4.263E-6,25.06E-9,-19.10E-6,25.09E-9,-16.96E-6,25.10E-9,-13.01E-6,25.08E-9,-19.65E-6,25.04E-9,-39.45E-6,25.09E-9,-11.45E-6,25.03E-9,-53.93E-6,25.08E-9,-12.88E-6,25.07E-9,-25.99E-6,25.07E-9,-28.15E-6,25.04E-9,-75.39E-6,25.04E-9,-80.42E-6,25.04E-9,-86.18E-6,25.03E-9,-102.3E-6
26.23E-9,-29.68E-9,25.50E-9,-423.2E-9,25.34E-9,-550.4E-9,25.23E-9,-1.501E-6,25.19E-9,-1.879E-6,25.08E-9,-16.03E-6,25.11E-9,-10.15E-6,25.11E-9,-6.917E-6,25.10E-9,-11.48E-6,25.06E-9,-34.26E-6,25.10E-9,-5.927E-6,25.04E-9,-52.71E-6,25.09E-9,-8.707E-6,25.08E-9,-13.84E-6,25.08E-9,-14.86E-6,25.04E-9,-71.67E-6,25.04E-9,-75.95E-6,25.04E-9,-82.26E-6,25.03E-9,-96.42E-6
26.41E-9,-2.923E-9,25.55E-9,-240.3E-9,25.39E-9,-233.7E-9,25.26E-9,-757.7E-9,25.22E-9,-692.3E-9,25.10E-9,-11.60E-6,25.13E-9,-5.438E-6,25.13E-9,-3.430E-6,25.11E-9,-5.276E-6,25.08E-9,-23.38E-6,25.12E-9,-2.808E-6,25.04E-9,-50.18E-6,25.10E-9,-4.155E-6,25.09E-9,-7.009E-6,25.09E-9,-7.214E-6,25.05E-9,-60.90E-6,25.05E-9,-61.96E-6,25.05E-9,-71.08E-6,25.03E-9,-95.22E-6
26.61E-9,-5.852E-9,25.63E-9,-92.81E-9,25.43E-9,-103.2E-9,25.29E-9,-362.0E-9,25.24E-9,-353.1E-9,25.13E-9,-6.430E-6,25.14E-9,-3.765E-6,25.15E-9,-1.632E-6,25.13E-9,-1.930E-6,25.09E-9,-13.90E-6,25.13E-9,-1.156E-6,25.05E-9,-43.59E-6,25.11E-9,-1.775E-6,25.10E-9,-3.424E-6,25.10E-9,-3.495E-6,25.06E-9,-42.58E-6,25.06E-9,-42.58E-6,25.06E-9,-50.80E-6,25.03E-9,-94.16E-6
26.89E-9,4.131E-9,25.70E-9,-39.66E-9,25.49E-9,-33.09E-9,25.32E-9,-134.5E-9,25.27E-9,-103.1E-9,25.15E-9,-3.098E-6,25.15E-9,-1.762E-6,25.16E-9,-652.8E-9,25.15E-9,-937.0E-9,25.10E-9,-6.610E-6,25.14E-9,-577.9E-9,25.07E-9,-30.38E-6,25.13E-9,-860.3E-9,25.11E-9,-1.292E-6,25.11E-9,-1.313E-6,25.07E-9,-26.21E-6,25.07E-9,-25.63E-6,25.07E-9,-32.16E-6,25.04E-9,-91.88E-6
27.30E-9,-4.189E-9,25.80E-9,-10.45E-9,25.56E-9,-7.764E-9,25.36E-9,-65.20E-9,25.31E-9,-68.45E-9,25.18E-9,-1.019E-6,25.17E-9,-820.7E-9,25.18E-9,-341.7E-9,25.16E-9,-321.6E-9,25.12E-9,-2.300E-6,25.16E-9,-67.83E-9,25.08E-9,-18.39E-6,25.14E-9,-113.3E-9,25.13E-9,-712.6E-9,25.12E-9,-705.3E-9,25.08E-9,-12.00E-6,25.08E-9,-9.594E-6,25.08E-9,-15.02E-6,25.04E-9,-86.73E-6
28.02E-9,4.156E-9,25.92E-9,-2.600E-9,25.66E-9,-582.2E-12,25.42E-9,4.224E-9,25.35E-9,22.04E-9,25.20E-9,-535.6E-9,25.19E-9,-348.0E-9,25.20E-9,-22.36E-9,25.18E-9,-165.3E-9,25.14E-9,-1.151E-6,25.18E-9,-112.2E-9,25.09E-9,-9.050E-6,25.16E-9,-178.5E-9,25.14E-9,4.421E-9,25.14E-9,3.408E-9,25.09E-9,-4.944E-6,25.09E-9,-4.402E-6,25.09E-9,-6.115E-6,25.05E-9,-70.16E-6
29.45E-9,-4.198E-9,26.09E-9,557.8E-12,25.80E-9,138.3E-12,25.49E-9,-16.05E-9,25.42E-9,-28.05E-9,25.23E-9,-150.6E-9,25.22E-9,-93.24E-9,25.23E-9,-74.92E-9,25.21E-9,23.77E-9,25.15E-9,-362.4E-9,25.21E-9,84.83E-9,25.11E-9,-3.204E-6,25.18E-9,127.6E-9,25.16E-9,-184.0E-9,25.16E-9,-173.8E-9,25.10E-9,-2.178E-6,25.10E-9,-1.649E-6,25.10E-9,-2.661E-6,25.06E-9,-48.25E-6
31.05E-9,4.156E-9,26.35E-9,-554.5E-12,26.03E-9,-139.4E-12,25.59E-9,15.47E-9,25.52E-9,28.14E-9,25.25E-9,-115.6E-9,25.25E-9,-43.22E-9,25.28E-9,61.58E-9,25.25E-9,-45.23E-9,25.17E-9,-226.8E-9,25.26E-9,-85.18E-9,25.12E-9,-1.640E-6,25.22E-9,-129.9E-9,25.19E-9,161.8E-9,25.18E-9,154.6E-9,25.11E-9,-908.2E-9,25.11E-9,-896.8E-9,25.11E-9,-1.141E-6,25.07E-9,-29.07E-6
32.65E-9,-4.198E-9,26.81E-9,507.0E-12,26.49E-9,68.22E-12,25.77E-9,-15.45E-9,25.70E-9,-28.22E-9,25.29E-9,36.97E-9,25.29E-9,17.93E-9,25.34E-9,-61.50E-9,25.30E-9,45.00E-9,25.19E-9,51.76E-9,25.34E-9,84.93E-9,25.13E-9,-487.8E-9,25.29E-9,129.8E-9,25.23E-9,-161.6E-9,25.23E-9,-154.4E-9,25.13E-9,-294.3E-9,25.13E-9,-53.45E-9,25.12E-9,-353.4E-9,25.08E-9,-9.982E-6
33.79E-9,4.157E-9,27.73E-9,-558.6E-12,27.41E-9,-131.3E-12,26.11E-9,15.35E-9,26.06E-9,28.12E-9,25.34E-9,-48.73E-9,25.35E-9,-19.34E-9,25.45E-9,61.34E-9,25.39E-9,-45.12E-9,25.23E-9,-79.12E-9,25.50E-9,-85.37E-9,25.15E-9,-349.5E-9,25.41E-9,-130.5E-9,25.31E-9,160.8E-9,25.31E-9,153.4E-9,25.14E-9,-59.37E-9,25.14E-9,-189.5E-9,25.13E-9,-97.61E-9,25.09E-9,-4.719E-6
34.93E-9,-4.198E-9,29.33E-9,506.4E-12,29.01E-9,65.09E-12,26.80E-9,-15.43E-9,26.77E-9,-28.22E-9,25.42E-9,48.60E-9,25.45E-9,19.42E-9,25.67E-9,-61.55E-9,25.58E-9,44.83E-9,25.27E-9,78.63E-9,25.81E-9,84.96E-9,25.17E-9,93.96E-9,25.66E-9,129.9E-9,25.46E-9,-161.6E-9,25.46E-9,-154.4E-9,25.17E-9,399.1E-12,25.17E-9,157.8E-9,25.15E-9,18.50E-9,25.10E-9,-1.619E-6
34.94E-9,1.013E-6,30.93E-9,-558.3E-12,30.61E-9,-129.4E-12,28.18E-9,15.35E-9,28.19E-9,28.12E-9,25.56E-9,-48.65E-9,25.65E-9,-19.62E-9,26.11E-9,61.34E-9,25.95E-9,-45.09E-9,25.36E-9,-78.75E-9,26.45E-9,-85.37E-9,25.20E-9,-137.2E-9,26.16E-9,-130.5E-9,25.77E-9,160.8E-9,25.78E-9,153.4E-9,25.20E-9,-2.190E-9,25.21E-9,-157.7E-9,25.19E-9,-21.89E-9,25.11E-9,-1.024E-6
34.95E-9,650.6E-9,32.53E-9,506.2E-12,32.21E-9,63.47E-12,29.78E-9,-15.43E-9,29.79E-9,-28.22E-9,25.82E-9,48.50E-9,26.04E-9,19.47E-9,27.00E-9,-61.55E-9,26.69E-9,44.82E-9,25.52E-9,78.39E-9,27.72E-9,84.96E-9,25.24E-9,135.8E-9,27.17E-9,129.9E-9,26.39E-9,-161.6E-9,26.41E-9,-154.3E-9,25.26E-9,1.422E-9,25.28E-9,156.2E-9,25.24E-9,20.73E-9,25.12E-9,67.22E-9
34.96E-9,837.4E-9,33.73E-9,-558.1E-12,33.81E-9,-128.0E-12,31.38E-9,15.35E-9,31.39E-9,28.11E-9,26.36E-9,-48.63E-9,26.83E-9,-19.64E-9,28.60E-9,61.34E-9,28.16E-9,-45.08E-9,25.85E-9,-78.70E-9,29.32E-9,-85.38E-9,25.30E-9,-135.9E-9,28.77E-9,-130.5E-9,27.62E-9,160.8E-9,27.66E-9,153.4E-9,25.37E-9,-2.690E-9,25.41E-9,-157.7E-9,25.34E-9,-22.63E-9,25.14E-9,-298.6E-9
34.96E-9,-17.64E-9,34.93E-9,506.0E-12,34.93E-9,62.01E-12,32.98E-9,-15.43E-9,32.99E-9,-28.22E-9,27.42E-9,48.49E-9,28.42E-9,19.47E-9,30.20E-9,-61.55E-9,29.76E-9,44.82E-9,26.51E-9,78.37E-9,30.92E-9,84.96E-9,25.44E-9,135.3E-9,30.37E-9,129.9E-9,29.22E-9,-161.6E-9,29.26E-9,-154.3E-9,25.61E-9,1.502E-9,25.68E-9,156.2E-9,25.55E-9,20.84E-9,25.16E-9,271.8E-9
34.96E-9,-17.41E-9,34.94E-9,1.269E-6,34.94E-9,1.564E-6,33.96E-9,15.34E-9,33.96E-9,28.11E-9,29.02E-9,-48.62E-9,30.02E-9,-19.64E-9,31.80E-9,61.34E-9,31.36E-9,-45.08E-9,27.84E-9,-78.69E-9,32.52E-9,-85.38E-9,25.71E-9,-135.8E-9,31.97E-9,-130.5E-9,30.82E-9,160.8E-9,30.86E-9,153.3E-9,26.07E-9,-2.720E-9,26.22E-9,-157.7E-9,25.97E-9,-22.67E-9,25.20E-9,-272.2E-9
34.97E-9,-17.68E-9,34.95E-9,742.1E-9,34.95E-9,886.7E-9,34.93E-9,-15.42E-9,34.93E-9,-28.22E-9,30.62E-9,48.49E-9,31.62E-9,19.48E-9,33.40E-9,-61.55E-9,32.96E-9,44.81E-9,29.44E-9,78.36E-9,33.72E-9,84.97E-9,26.26E-9,135.3E-9,33.57E-9,129.9E-9,32.42E-9,-161.6E-9,32.46E-9,-154.3E-9,27.00E-9,1.516E-9,27.31E-9,156.2E-9,26.81E-9,20.86E-9,25.27E-9,269.9E-9
34.97E-9,-17.45E-9,34.96E-9,961.8E-9,34.96E-9,1.014E-6,34.94E-9,1.902E-6,34.94E-9,2.250E-6,32.22E-9,-48.62E-9,33.22E-9,-19.65E-9,34.93E-9,61.34E-9,33.95E-9,-45.07E-9,31.04E-9,-78.69E-9,34.93E-9,-85.38E-9,27.35E-9,-135.8E-9,34.93E-9,-130.5E-9,33.67E-9,160.8E-9,33.70E-9,153.3E-9,28.60E-9,-2.727E-9,28.91E-9,-157.7E-9,28.41E-9,-22.68E-9,25.41E-9,-272.0E-9
34.98E-9,-17.76E-9,34.96E-9,-52.75E-9,34.96E-9,-118.7E-9,34.95E-9,1.122E-6,34.95E-9,1.332E-6,33.82E-9,48.49E-9,34.07E-9,19.48E-9,34.94E-9,3.159E-6,34.93E-9,44.81E-9,32.64E-9,78.36E-9,34.94E-9,4.192E-6,28.95E-9,135.3E-9,34.94E-9,4.096E-6,34.93E-9,-161.6E-9,34.93E-9,-154.3E-9,30.20E-9,1.520E-9,30.51E-9,156.2E-9,30.01E-9,20.87E-9,25.68E-9,269.8E-9
34.99E-9,-17.61E-9,34.96E-9,-52.55E-9,34.96E-9,-118.8E-9,34.96E-9,971.9E-9,34.96E-9,912.7E-9,34.93E-9,-48.62E-9,34.93E-9,-19.65E-9,34.95E-9,1.555E-6,34.94E-9,3.739E-6,33.78E-9,-78.68E-9,34.95E-9,1.930E-6,30.55E-9,-135.8E-9,34.95E-9,1.654E-6,34.94E-9,4.263E-6,34.94E-9,4.173E-6,31.80E-9,-2.732E-9,32.11E-9,-157.7E-9,31.61E-9,-22.69E-9,26.24E-9,-272.0E-9
35.03E-9,-18.11E-9,34.97E-9,-52.83E-9,34.97E-9,-119.3E-9,34.96E-9,-215.6E-9,34.96E-9,-341.2E-9,34.94E-9,2.588E-6,34.94E-9,3.017E-6,34.96E-9,758.7E-9,34.95E-9,2.125E-6,34.93E-9,78.35E-9,34.96E-9,530.3E-9,32.15E-9,135.3E-9,34.96E-9,801.0E-9,34.95E-9,1.610E-6,34.95E-9,1.411E-6,33.40E-9,1.524E-9,33.71E-9,156.2E-9,33.21E-9,20.87E-9,27.34E-9,269.8E-9
35.09E-9,-18.63E-9,34.97E-9,-52.66E-9,34.97E-9,-119.9E-9,34.96E-9,-218.0E-9,34.96E-9,-359.3E-9,34.95E-9,1.406E-6,34.95E-9,1.920E-6,34.96E-9,-800.7E-9,34.95E-9,1.068E-6,34.94E-9,3.988E-6,34.96E-9,-1.336E-6,33.75E-9,-135.8E-9,34.96E-9,-1.718E-6,34.96E-9,914.1E-9,34.96E-9,2.259E-6,34.93E-9,-2.736E-9,34.93E-9,-157.7E-9,34.07E-9,-22.69E-9,28.94E-9,-272.0E-9
35.23E-9,-16.65E-9,34.98E-9,-53.11E-9,34.98E-9,-124.8E-9,34.97E-9,-220.2E-9,34.97E-9,-326.6E-9,34.96E-9,879.6E-9,34.96E-9,1.083E-6,34.96E-9,-782.0E-9,34.96E-9,948.4E-9,34.95E-9,1.971E-6,34.96E-9,-1.312E-6,34.93E-9,135.3E-9,34.96E-9,-1.686E-6,34.96E-9,-1.914E-6,34.96E-9,-485.3E-9,34.94E-9,2.658E-6,34.94E-9,3.610E-6,34.93E-9,20.88E-9,30.54E-9,269.8E-9
35.50E-9,-16.56E-9,34.99E-9,-53.71E-9,35.00E-9,-110.4E-9,34.97E-9,-224.3E-9,34.97E-9,-339.6E-9,34.96E-9,-500.1E-9,34.96E-9,905.9E-9,34.97E-9,-779.3E-9,34.96E-9,-973.6E-9,34.96E-9,490.5E-9,34.97E-9,-1.297E-6,34.94E-9,4.385E-6,34.97E-9,-1.663E-6,34.96E-9,-1.876E-6,34.96E-9,-2.122E-6,34.95E-9,1.275E-6,34.95E-9,788.9E-9,34.94E-9,5.125E-6,32.14E-9,-272.0E-9
36.03E-9,-13.39E-9,35.03E-9,-53.36E-9,35.03E-9,-112.0E-9,34.98E-9,-200.0E-9,34.98E-9,-305.8E-9,34.96E-9,-469.3E-9,34.96E-9,-645.6E-9,34.97E-9,-755.9E-9,34.96E-9,-957.8E-9,34.96E-9,-1.151E-6,34.97E-9,-1.257E-6,34.95E-9,1.928E-6,34.97E-9,-1.609E-6,34.97E-9,-1.846E-6,34.96E-9,-2.084E-6,34.96E-9,2.474E-6,34.96E-9,2.913E-6,34.95E-9,362.3E-9,33.74E-9,269.8E-9
36.61E-9,-12.79E-9,35.09E-9,-46.97E-9,35.10E-9,-93.65E-9,35.00E-9,-205.9E-9,35.00E-9,-311.4E-9,34.97E-9,-478.2E-9,34.96E-9,-624.2E-9,34.98E-9,-731.7E-9,34.96E-9,-953.0E-9,34.96E-9,-1.130E-6,34.98E-9,-1.188E-6,34.96E-9,1.298E-6,34.98E-9,-1.509E-6,34.97E-9,-1.780E-6,34.96E-9,-2.069E-6,34.96E-9,-744.2E-9,34.96E-9,-1.200E-6,34.95E-9,2.575E-6,34.93E-9,-272.0E-9
37.32E-9,-8.664E-9,35.22E-9,-45.68E-9,35.24E-9,-84.31E-9,35.04E-9,-174.9E-9,35.04E-9,-258.0E-9,34.97E-9,-451.1E-9,34.96E-9,-628.2E-9,34.99E-9,-666.3E-9,34.97E-9,-931.3E-9,34.97E-9,-1.118E-6,34.99E-9,-1.022E-6,34.96E-9,627.1E-9,34.99E-9,-1.237E-6,34.98E-9,-1.652E-6,34.97E-9,-2.009E-6,34.96E-9,-2.316E-6,34.96E-9,-2.518E-6,34.96E-9,921.0E-9,34.94E-9,2.807E-6
37.90E-9,-5.830E-9,35.48E-9,-34.98E-9,35.40E-9,-48.89E-9,35.11E-9,-163.2E-9,35.11E-9,-208.2E-9,34.98E-9,-452.2E-9,34.97E-9,-607.1E-9,35.03E-9,-523.1E-9,34.97E-9,-903.3E-9,34.97E-9,-1.084E-6,35.02E-9,-658.2E-9,34.96E-9,-1.534E-6,35.01E-9,-798.4E-9,34.99E-9,-1.255E-6,34.97E-9,-1.921E-6,34.96E-9,-2.272E-6,34.96E-9,-2.467E-6,34.96E-9,384.8E-9,34.95E-9,-247.2E-9
38.46E-9,-2.784E-9,35.74E-9,-31.18E-9,35.54E-9,-23.57E-9,35.19E-9,-111.4E-9,35.17E-9,-74.59E-9,35.00E-9,-408.2E-9,34.97E-9,-600.9E-9,35.06E-9,-287.0E-9,34.99E-9,-836.8E-9,34.98E-9,-1.031E-6,35.03E-9,-377.0E-9,34.96E-9,-1.511E-6,35.02E-9,-474.7E-9,35.01E-9,-784.0E-9,34.98E-9,-1.680E-6,34.96E-9,-2.255E-6,34.96E-9,-2.448E-6,34.96E-9,-2.719E-6,34.96E-9,3.559E-6
38.68E-9,-3.492E-9,35.94E-9,-17.55E-9,35.66E-9,-5.772E-9,35.25E-9,-77.66E-9,35.22E-9,-54.99E-9,35.03E-9,-373.5E-9,34.99E-9,-560.0E-9,35.08E-9,-163.1E-9,35.01E-9,-695.3E-9,35.00E-9,-905.8E-9,35.05E-9,-207.3E-9,34.96E-9,-1.501E-6,35.04E-9,-238.5E-9,35.02E-9,-472.6E-9,35.00E-9,-1.163E-6,34.97E-9,-2.188E-6,34.97E-9,-2.369E-6,34.96E-9,-2.679E-6,34.96E-9,-1.853E-6
39.12E-9,-2.113E-9,36.18E-9,-10.59E-9,35.75E-9,-8.714E-9,35.31E-9,-27.69E-9,35.24E-9,-15.88E-9,35.06E-9,-298.8E-9,35.01E-9,-513.4E-9,35.11E-9,-57.04E-9,35.04E-9,-408.5E-9,35.01E-9,-730.4E-9,35.07E-9,-84.07E-9,34.97E-9,-1.465E-6,35.05E-9,-122.1E-9,35.03E-9,-262.5E-9,35.01E-9,-699.0E-9,34.97E-9,-2.085E-6,34.97E-9,-2.249E-6,34.96E-9,-2.653E-6,34.96E-9,-2.911E-6
39.58E-9,-3.033E-9,36.42E-9,-2.851E-9,35.84E-9,-1.216E-9,35.37E-9,-25.79E-9,35.28E-9,-29.64E-9,35.09E-9,-220.3E-9,35.04E-9,-418.5E-9,35.13E-9,-40.26E-9,35.06E-9,-230.6E-9,35.03E-9,-432.4E-9,35.08E-9,-61.05E-9,34.97E-9,-1.411E-6,35.06E-9,-72.10E-9,35.04E-9,-155.3E-9,35.02E-9,-415.7E-9,34.98E-9,-1.791E-6,34.98E-9,-1.885E-6,34.97E-9,-2.586E-6,34.96E-9,-2.848E-6
40.27E-9,-1.935E-9,36.61E-9,-5.093E-9,35.95E-9,-6.836E-9,35.42E-9,-3.067E-9,35.32E-9,3.901E-9,35.12E-9,-111.8E-9,35.06E-9,-300.2E-9,35.15E-9,-13.29E-9,35.08E-9,-106.8E-9,35.05E-9,-264.1E-9,35.10E-9,-21.39E-9,34.98E-9,-1.284E-6,35.08E-9,-38.67E-9,35.05E-9,-76.77E-9,35.03E-9,-164.8E-9,35.00E-9,-1.236E-6,34.99E-9,-1.289E-6,34.97E-9,-2.465E-6,34.96E-9,-2.822E-6
41.15E-9,-2.974E-9,36.80E-9,-1.450E-9,36.11E-9,-398.7E-12,35.48E-9,-13.88E-9,35.37E-9,-20.17E-9,35.16E-9,-66.05E-9,35.09E-9,-161.3E-9,35.18E-9,-18.77E-9,35.10E-9,-54.56E-9,35.06E-9,-148.3E-9,35.12E-9,-27.84E-9,35.00E-9,-1.077E-6,35.09E-9,-28.35E-9,35.07E-9,-55.04E-9,35.05E-9,-123.3E-9,35.01E-9,-749.9E-9,35.00E-9,-785.5E-9,34.98E-9,-2.152E-6,34.97E-9,-2.723E-6
42.53E-9,-1.926E-9,37.03E-9,-4.617E-9,36.34E-9,-6.577E-9,35.55E-9,2.177E-9,35.43E-9,8.513E-9,35.19E-9,-19.41E-9,35.12E-9,-91.22E-9,35.21E-9,-2.921E-9,35.12E-9,-29.87E-9,35.08E-9,-87.70E-9,35.15E-9,-5.992E-9,35.01E-9,-675.3E-9,35.12E-9,-17.88E-9,35.09E-9,-24.01E-9,35.06E-9,-42.78E-9,35.02E-9,-438.3E-9,35.02E-9,-438.6E-9,34.99E-9,-1.508E-6,34.97E-9,-2.562E-6
43.76E-9,-2.974E-9,37.38E-9,-1.267E-9,36.69E-9,-364.5E-12,35.64E-9,-11.45E-9,35.52E-9,-18.68E-9,35.22E-9,-24.57E-9,35.14E-9,-33.80E-9,35.26E-9,-14.44E-9,35.14E-9,-18.68E-9,35.09E-9,-40.47E-9,35.18E-9,-21.89E-9,35.03E-9,-414.3E-9,35.15E-9,-20.58E-9,35.11E-9,-30.52E-9,35.07E-9,-56.94E-9,35.03E-9,-193.3E-9,35.03E-9,-212.3E-9,35.00E-9,-933.4E-9,34.98E-9,-2.029E-6
45.00E-9,-1.926E-9,37.94E-9,-4.574E-9,37.31E-9,-6.579E-9,35.76E-9,3.015E-9,35.64E-9,8.886E-9,35.26E-9,-1.413E-9,35.17E-9,-29.43E-9,35.32E-9,-1.815E-9,35.17E-9,-11.60E-9,35.11E-9,-30.87E-9,35.23E-9,-4.633E-9,35.04E-9,-182.9E-9,35.19E-9,-16.02E-9,35.13E-9,-14.80E-9,35.09E-9,-10.98E-9,35.04E-9,-138.5E-9,35.04E-9,-143.3E-9,35.01E-9,-556.7E-9,34.99E-9,-1.354E-6
45.01E-9,-916.5E-9,38.85E-9,-1.265E-9,38.56E-9,-364.5E-12,35.93E-9,-11.26E-9,35.84E-9,-18.65E-9,35.30E-9,-15.55E-9,35.20E-9,-6.890E-9,35.43E-9,-14.32E-9,35.20E-9,-10.57E-9,35.14E-9,-10.95E-9,35.31E-9,-21.77E-9,35.06E-9,-103.6E-9,35.26E-9,-20.43E-9,35.17E-9,-28.18E-9,35.12E-9,-43.36E-9,35.05E-9,-53.31E-9,35.05E-9,-64.23E-9,35.02E-9,-248.3E-9,35.00E-9,-839.2E-9
45.02E-9,-1.806E-6,40.45E-9,-4.574E-9,40.16E-9,-6.579E-9,36.23E-9,3.021E-9,36.22E-9,8.883E-9,35.36E-9,2.494E-9,35.23E-9,-15.60E-9,35.62E-9,-1.829E-9,35.25E-9,-8.943E-9,35.16E-9,-17.55E-9,35.47E-9,-4.653E-9,35.07E-9,-51.14E-9,35.40E-9,-16.04E-9,35.24E-9,-14.58E-9,35.15E-9,-7.269E-9,35.07E-9,-62.82E-9,35.06E-9,-63.97E-9,35.03E-9,-174.8E-9,35.02E-9,-370.0E-9
45.03E-9,-3.453E-6,42.05E-9,-1.265E-9,41.76E-9,-364.5E-12,36.83E-9,-11.26E-9,36.98E-9,-18.65E-9,35.43E-9,-14.27E-9,35.27E-9,-714.7E-12,36.01E-9,-14.32E-9,35.32E-9,-10.11E-9,35.20E-9,-6.102E-9,35.80E-9,-21.76E-9,35.09E-9,-37.07E-9,35.68E-9,-20.42E-9,35.36E-9,-28.19E-9,35.21E-9,-42.81E-9,35.09E-9,-16.43E-9,35.08E-9,-25.44E-9,35.04E-9,-74.00E-9,35.03E-9,-214.3E-9
45.03E-9,-2.071E-6,43.65E-9,-4.574E-9,43.36E-9,-6.579E-9,38.02E-9,3.021E-9,38.51E-9,8.882E-9,35.55E-9,2.701E-9,35.33E-9,-13.40E-9,36.79E-9,-1.830E-9,35.45E-9,-8.940E-9,35.26E-9,-16.42E-9,36.44E-9,-4.655E-9,35.11E-9,-17.00E-9,36.23E-9,-16.04E-9,35.61E-9,-14.58E-9,35.30E-9,-7.310E-9,35.11E-9,-47.27E-9,35.10E-9,-48.13E-9,35.06E-9,-79.78E-9,35.04E-9,-123.7E-9
45.03E-9,-2.062E-6,45.00E-9,-1.265E-9,44.18E-9,-364.5E-12,39.62E-9,-11.26E-9,40.11E-9,-18.65E-9,35.75E-9,-14.27E-9,35.42E-9,-285.3E-12,38.35E-9,-14.32E-9,35.70E-9,-10.11E-9,35.35E-9,-6.019E-9,37.72E-9,-21.76E-9,35.13E-9,-20.99E-9,37.33E-9,-20.42E-9,36.10E-9,-28.19E-9,35.50E-9,-42.80E-9,35.14E-9,-12.03E-9,35.14E-9,-21.02E-9,35.07E-9,-27.44E-9,35.05E-9,-83.03E-9
45.04E-9,-2.059E-6,45.01E-9,-1.157E-6,45.00E-9,-6.579E-9,41.22E-9,3.021E-9,41.71E-9,8.882E-9,36.16E-9,2.699E-9,35.57E-9,-13.39E-9,39.95E-9,-1.830E-9,36.20E-9,-8.939E-9,35.53E-9,-16.43E-9,39.32E-9,-4.656E-9,35.17E-9,-11.35E-9,38.93E-9,-16.04E-9,37.08E-9,-14.58E-9,35.88E-9,-7.314E-9,35.19E-9,-46.59E-9,35.19E-9,-47.51E-9,35.09E-9,-59.57E-9,35.06E-9,-56.74E-9
45.04E-9,-2.045E-6,45.02E-9,-3.076E-6,45.01E-9,-1.290E-6,42.82E-9,-11.26E-9,43.31E-9,-18.65E-9,36.96E-9,-14.26E-9,35.87E-9,-290.8E-12,41.55E-9,-14.32E-9,37.20E-9,-10.11E-9,35.90E-9,-6.017E-9,40.92E-9,-21.76E-9,35.22E-9,-19.76E-9,40.53E-9,-20.42E-9,38.68E-9,-28.19E-9,36.66E-9,-42.80E-9,35.28E-9,-12.06E-9,35.28E-9,-21.06E-9,35.12E-9,-21.47E-9,35.08E-9,-50.69E-9
45.05E-9,-2.024E-6,45.03E-9,-6.137E-6,45.02E-9,-3.047E-6,43.91E-9,3.021E-9,44.15E-9,8.882E-9,38.56E-9,2.699E-9,36.45E-9,-13.38E-9,43.15E-9,-1.830E-9,38.80E-9,-8.939E-9,36.62E-9,-16.43E-9,42.52E-9,-4.656E-9,35.30E-9,-11.29E-9,42.13E-9,-16.04E-9,40.28E-9,-14.58E-9,38.21E-9,-7.314E-9,35.46E-9,-46.58E-9,35.45E-9,-47.50E-9,35.17E-9,-58.55E-9,35.10E-9,-45.40E-9
45.06E-9,-1.977E-6,45.03E-9,-4.519E-6,45.03E-9,-9.981E-6,45.00E-9,-11.26E-9,45.00E-9,-18.65E-9,40.16E-9,-14.26E-9,37.63E-9,-291.3E-12,44.07E-9,-14.32E-9,40.40E-9,-10.11E-9,38.08E-9,-6.017E-9,43.76E-9,-21.76E-9,35.47E-9,-19.77E-9,43.73E-9,-20.42E-9,41.88E-9,-28.19E-9,39.81E-9,-42.80E-9,35.82E-9,-12.07E-9,35.81E-9,-21.06E-9,35.24E-9,-21.51E-9,35.14E-9,-48.09E-9
45.09E-9,-1.892E-6,45.03E-9,-4.491E-6,45.03E-9,-7.987E-6,45.01E-9,-1.662E-6,45.01E-9,-1.852E-6,41.76E-9,2.699E-9,39.23E-9,-13.38E-9,45.00E-9,-1.831E-9,42.00E-9,-8.939E-9,39.68E-9,-16.43E-9,45.00E-9,-4.656E-9,35.80E-9,-11.29E-9,45.00E-9,-16.04E-9,43.48E-9,-14.58E-9,41.41E-9,-7.315E-9,36.53E-9,-46.58E-9,36.53E-9,-47.50E-9,35.40E-9,-58.54E-9,35.20E-9,-45.26E-9
45.16E-9,-1.734E-6,45.04E-9,-4.472E-6,45.03E-9,-7.919E-6,45.02E-9,-5.884E-6,45.02E-9,-6.487E-6,43.36E-9,-14.26E-9,40.83E-9,-291.5E-12,45.01E-9,-3.492E-6,43.60E-9,-10.11E-9,41.28E-9,-6.017E-9,45.01E-9,-8.876E-6,36.46E-9,-19.77E-9,45.01E-9,-13.28E-6,45.00E-9,-28.19E-9,43.01E-9,-42.80E-9,37.96E-9,-12.07E-9,37.97E-9,-21.06E-9,35.71E-9,-21.51E-9,35.31E-9,-48.10E-9
45.29E-9,-1.474E-6,45.04E-9,-4.428E-6,45.04E-9,-7.856E-6,45.03E-9,-14.27E-6,45.03E-9,-12.63E-6,44.18E-9,2.698E-9,42.43E-9,-13.38E-9,45.02E-9,-16.15E-6,45.00E-9,-8.939E-9,42.88E-9,-16.43E-9,45.02E-9,-32.96E-6,37.78E-9,-11.29E-9,45.02E-9,-42.44E-6,45.01E-9,-18.58E-6,44.00E-9,-7.316E-9,39.56E-9,-46.58E-9,39.57E-9,-47.50E-9,36.33E-9,-58.54E-9,35.54E-9,-45.26E-9
45.45E-9,-1.197E-6,45.05E-9,-4.348E-6,45.04E-9,-7.725E-6,45.03E-9,-12.20E-6,45.03E-9,-20.04E-6,45.00E-9,-14.26E-9,43.72E-9,-291.8E-12,45.02E-9,-25.51E-6,45.01E-9,-6.469E-6,43.94E-9,-6.017E-9,45.03E-9,-52.83E-6,39.38E-9,-19.77E-9,45.03E-9,-65.02E-6,45.02E-9,-46.54E-6,45.00E-9,-42.80E-9,41.16E-9,-12.07E-9,41.17E-9,-21.06E-9,37.56E-9,-21.52E-9,36.01E-9,-48.11E-9
45.62E-9,-839.3E-9,45.06E-9,-4.186E-6,45.05E-9,-7.477E-6,45.03E-9,-12.08E-6,45.03E-9,-16.90E-6,45.01E-9,-2.196E-6,45.00E-9,-13.38E-9,45.03E-9,-36.89E-6,45.02E-9,-26.76E-6,45.00E-9,-16.43E-9,45.03E-9,-49.19E-6,40.98E-9,-11.29E-9,45.03E-9,-60.71E-6,45.03E-9,-58.28E-6,45.01E-9,-14.54E-6,42.76E-9,-46.58E-9,42.77E-9,-47.50E-9,39.16E-9,-58.54E-9,36.93E-9,-45.26E-9
45.98E-9,-86.09E-9,45.09E-9,-3.892E-6,45.07E-9,-6.998E-6,45.04E-9,-11.98E-6,45.03E-9,-16.75E-6,45.02E-9,-8.674E-6,45.01E-9,-3.599E-6,45.03E-9,-32.46E-6,45.03E-9,-40.92E-6,45.01E-9,-6.125E-6,45.03E-9,-48.39E-6,42.58E-9,-19.77E-9,45.03E-9,-59.65E-6,45.03E-9,-72.83E-6,45.02E-9,-45.38E-6,43.88E-9,-12.07E-9,43.89E-9,-21.06E-9,40.76E-9,-21.52E-9,38.53E-9,-48.11E-9
46.04E-9,-71.74E-9,45.16E-9,-3.366E-6,45.11E-9,-6.122E-6,45.04E-9,-11.76E-6,45.03E-9,-16.64E-6,45.02E-9,-15.64E-6,45.02E-9,-17.09E-6,45.03E-9,-32.11E-6,45.03E-9,-37.86E-6,45.02E-9,-25.85E-6,45.04E-9,-47.66E-6,43.79E-9,-11.29E-9,45.04E-9,-58.67E-6,45.03E-9,-66.62E-6,45.02E-9,-60.88E-6,45.00E-9,-46.58E-9,45.00E-9,-47.50E-9,42.36E-9,-58.54E-9,40.13E-9,-45.26E-9
46.16E-9,-19.79E-9,45.25E-9,-2.652E-6,45.18E-9,-4.447E-6,45.05E-9,-11.35E-6,45.04E-9,-16.40E-6,45.03E-9,-25.45E-6,45.03E-9,-29.58E-6,45.03E-9,-31.82E-6,45.03E-9,-37.32E-6,45.03E-9,-37.55E-6,45.04E-9,-46.14E-6,45.00E-9,-19.77E-9,45.04E-9,-56.58E-6,45.03E-9,-65.78E-6,45.03E-9,-79.49E-6,45.01E-9,-18.66E-6,45.01E-9,-21.13E-6,43.68E-9,-21.52E-9,41.73E-9,-48.11E-9
46.28E-9,-20.61E-9,45.36E-9,-1.556E-6,45.25E-9,-2.310E-6,45.07E-9,-10.54E-6,45.04E-9,-15.94E-6,45.03E-9,-21.88E-6,45.03E-9,-27.02E-6,45.04E-9,-31.21E-6,45.04E-9,-36.86E-6,45.03E-9,-48.80E-6,45.05E-9,-42.80E-6,45.01E-9,-10.57E-6,45.05E-9,-51.68E-6,45.03E-9,-65.07E-6,45.03E-9,-72.76E-6,45.02E-9,-53.10E-6,45.02E-9,-57.66E-6,45.00E-9,-58.54E-9,43.33E-9,-45.26E-9
46.50E-9,5.974E-9,45.47E-9,-531.7E-9,45.31E-9,-916.1E-9,45.10E-9,-8.982E-6,45.06E-9,-15.01E-6,45.03E-9,-21.66E-6,45.03E-9,-26.68E-6,45.04E-9,-30.01E-6,45.04E-9,-35.91E-6,45.03E-9,-43.70E-6,45.06E-9,-32.58E-6,45.02E-9,-36.85E-6,45.06E-9,-37.78E-6,45.04E-9,-63.53E-6,45.03E-9,-71.74E-6,45.03E-9,-70.55E-6,45.03E-9,-76.03E-6,45.01E-9,-27.21E-6,44.17E-9,-48.11E-9
46.76E-9,-8.498E-9,45.55E-9,-235.7E-9,45.34E-9,-551.3E-9,45.14E-9,-6.806E-6,45.08E-9,-13.16E-6,45.03E-9,-21.49E-6,45.04E-9,-26.38E-6,45.06E-9,-27.40E-6,45.05E-9,-33.96E-6,45.03E-9,-43.25E-6,45.08E-9,-20.85E-6,45.03E-9,-47.02E-6,45.07E-9,-24.01E-6,45.04E-9,-60.24E-6,45.03E-9,-70.83E-6,45.03E-9,-85.52E-6,45.03E-9,-91.66E-6,45.02E-9,-67.89E-6,45.00E-9,-45.26E-9
47.15E-9,8.283E-9,45.63E-9,-76.09E-9,45.39E-9,-233.9E-9,45.19E-9,-3.335E-6,45.11E-9,-10.28E-6,45.04E-9,-21.11E-6,45.04E-9,-25.77E-6,45.08E-9,-19.79E-6,45.06E-9,-29.13E-6,45.03E-9,-42.88E-6,45.09E-9,-11.44E-6,45.03E-9,-60.88E-6,45.08E-9,-12.89E-6,45.05E-9,-50.83E-6,45.04E-9,-68.88E-6,45.03E-9,-78.60E-6,45.03E-9,-84.47E-6,45.03E-9,-95.92E-6,45.01E-9,-21.04E-6
47.73E-9,-8.282E-9,45.71E-9,-40.01E-9,45.43E-9,-103.5E-9,45.23E-9,-1.507E-6,45.14E-9,-5.594E-6,45.04E-9,-20.40E-6,45.05E-9,-24.55E-6,45.10E-9,-11.76E-6,45.08E-9,-19.48E-6,45.04E-9,-42.09E-6,45.10E-9,-5.926E-6,45.03E-9,-55.14E-6,45.09E-9,-8.718E-6,45.06E-9,-35.23E-6,45.04E-9,-64.53E-6,45.03E-9,-77.59E-6,45.03E-9,-83.34E-6,45.03E-9,-89.76E-6,45.02E-9,-58.09E-6
48.89E-9,8.234E-9,45.80E-9,-4.654E-9,45.49E-9,-33.10E-9,45.26E-9,-746.0E-9,45.17E-9,-2.761E-6,45.06E-9,-18.93E-6,45.06E-9,-21.91E-6,45.12E-9,-6.020E-6,45.10E-9,-11.35E-6,45.04E-9,-40.52E-6,45.12E-9,-2.808E-6,45.03E-9,-54.49E-6,45.10E-9,-4.159E-6,45.07E-9,-21.37E-6,45.06E-9,-50.62E-6,45.03E-9,-76.73E-6,45.03E-9,-82.38E-6,45.03E-9,-87.91E-6,45.02E-9,-76.09E-6
50.49E-9,-8.273E-9,45.92E-9,-7.588E-9,45.56E-9,-7.851E-9,45.29E-9,-357.7E-9,45.19E-9,-1.853E-6,45.08E-9,-15.58E-6,45.08E-9,-17.54E-6,45.13E-9,-3.927E-6,45.11E-9,-5.175E-6,45.05E-9,-36.95E-6,45.13E-9,-1.156E-6,45.03E-9,-53.95E-6,45.11E-9,-1.777E-6,45.09E-9,-9.604E-6,45.07E-9,-33.74E-6,45.04E-9,-74.87E-6,45.04E-9,-80.28E-6,45.04E-9,-86.18E-6,45.03E-9,-91.71E-6
52.09E-9,8.230E-9,46.10E-9,5.754E-9,45.66E-9,-523.2E-12,45.32E-9,-131.8E-9,45.21E-9,-835.6E-9,45.12E-9,-9.072E-6,45.11E-9,-10.61E-6,45.14E-9,-1.916E-6,45.13E-9,-1.931E-6,45.07E-9,-26.23E-6,45.14E-9,-578.0E-9,45.04E-9,-52.77E-6,45.13E-9,-861.5E-9,45.10E-9,-3.990E-6,45.08E-9,-19.50E-6,45.04E-9,-70.78E-6,45.04E-9,-75.58E-6,45.04E-9,-82.30E-6,45.03E-9,-102.3E-6
53.69E-9,-8.270E-9,46.37E-9,-5.735E-9,45.80E-9,75.85E-12,45.36E-9,-64.49E-9,45.24E-9,-390.6E-9,45.14E-9,-4.726E-6,45.12E-9,-5.757E-6,45.16E-9,-785.0E-9,45.15E-9,-929.8E-9,45.09E-9,-15.89E-6,45.16E-9,-67.66E-9,45.04E-9,-50.35E-6,45.14E-9,-113.7E-9,45.11E-9,-1.786E-6,45.09E-9,-9.648E-6,45.05E-9,-58.31E-6,45.05E-9,-60.56E-6,45.05E-9,-71.23E-6,45.03E-9,-96.42E-6
54.93E-9,8.227E-9,46.85E-9,5.684E-9,46.03E-9,-76.71E-12,45.42E-9,4.632E-9,45.27E-9,-146.8E-9,45.17E-9,-1.637E-6,45.14E-9,-3.145E-6,45.18E-9,-411.8E-9,45.16E-9,-325.3E-9,45.10E-9,-8.252E-6,45.18E-9,-112.3E-9,45.05E-9,-44.16E-6,45.16E-9,-178.7E-9,45.12E-9,-722.8E-9,45.10E-9,-4.514E-6,45.06E-9,-40.12E-6,45.06E-9,-41.22E-6,45.06E-9,-50.97E-6,45.03E-9,-95.22E-6
54.94E-9,1.008E-6,47.81E-9,-5.735E-9,46.49E-9,5.483E-12,45.49E-9,-16.09E-9,45.30E-9,-43.33E-9,45.19E-9,-684.3E-9,45.16E-9,-1.451E-6,45.20E-9,-22.51E-9,45.18E-9,-159.7E-9,45.11E-9,-5.338E-6,45.21E-9,84.99E-9,45.07E-9,-31.00E-6,45.18E-9,127.7E-9,45.14E-9,-252.2E-9,45.11E-9,-1.804E-6,45.07E-9,-24.20E-6,45.07E-9,-24.46E-6,45.07E-9,-32.31E-6,45.03E-9,-94.15E-6
54.95E-9,640.2E-9,49.41E-9,5.683E-9,47.41E-9,-68.54E-12,45.60E-9,15.55E-9,45.35E-9,-9.316E-9,45.22E-9,-296.2E-9,45.18E-9,-639.4E-9,45.23E-9,-102.7E-9,45.21E-9,19.54E-9,45.12E-9,-2.665E-6,45.26E-9,-85.33E-9,45.08E-9,-18.89E-6,45.22E-9,-130.0E-9,45.15E-9,-30.81E-9,45.12E-9,-942.8E-9,45.08E-9,-9.722E-6,45.08E-9,-8.106E-6,45.08E-9,-15.17E-6,45.04E-9,-91.86E-6
54.96E-9,844.0E-9,51.01E-9,-5.735E-9,49.01E-9,2.353E-12,45.77E-9,-15.53E-9,45.41E-9,1.777E-9,45.24E-9,-114.5E-9,45.20E-9,-283.9E-9,45.27E-9,82.72E-9,45.25E-9,-40.73E-9,45.14E-9,-1.028E-6,45.34E-9,85.09E-9,45.09E-9,-9.476E-6,45.29E-9,129.9E-9,45.18E-9,-15.24E-9,45.13E-9,-94.90E-9,45.09E-9,-4.339E-6,45.09E-9,-3.859E-6,45.09E-9,-6.143E-6,45.04E-9,-86.68E-6
54.96E-9,-17.65E-9,52.61E-9,5.682E-9,50.61E-9,-66.68E-12,46.12E-9,15.44E-9,45.51E-9,-1.862E-9,45.27E-9,-26.65E-9,45.22E-9,-60.33E-9,45.33E-9,-83.25E-9,45.30E-9,40.52E-9,45.15E-9,-598.0E-9,45.50E-9,-85.52E-9,45.11E-9,-3.158E-6,45.41E-9,-130.6E-9,45.22E-9,14.20E-9,45.15E-9,-199.1E-9,45.10E-9,-1.731E-6,45.10E-9,-1.317E-6,45.10E-9,-2.685E-6,45.05E-9,-69.98E-6
54.96E-9,-17.40E-9,53.77E-9,-5.734E-9,52.21E-9,729.8E-15,46.81E-9,-15.52E-9,45.68E-9,1.808E-9,45.32E-9,-3.619E-9,45.26E-9,-36.92E-9,45.42E-9,83.20E-9,45.39E-9,-40.65E-9,45.17E-9,12.38E-9,45.81E-9,85.11E-9,45.12E-9,-1.642E-6,45.66E-9,130.0E-9,45.28E-9,-14.67E-9,45.17E-9,152.5E-9,45.12E-9,-852.9E-9,45.11E-9,-832.7E-9,45.11E-9,-1.142E-6,45.06E-9,-48.07E-6
54.97E-9,-17.69E-9,54.93E-9,5.682E-9,53.81E-9,-65.26E-12,48.21E-9,15.43E-9,46.01E-9,-1.920E-9,45.38E-9,1.423E-9,45.30E-9,21.94E-9,45.62E-9,-83.43E-9,45.58E-9,40.36E-9,45.19E-9,-179.5E-9,46.45E-9,-85.53E-9,45.13E-9,-465.8E-9,46.16E-9,-130.6E-9,45.41E-9,13.83E-9,45.21E-9,-153.6E-9,45.13E-9,-126.0E-9,45.13E-9,61.99E-9,45.12E-9,-364.1E-9,45.07E-9,-28.91E-6
54.97E-9,-17.43E-9,54.94E-9,1.272E-6,54.93E-9,-723.1E-15,49.81E-9,-15.51E-9,46.68E-9,1.820E-9,45.49E-9,-1.273E-9,45.37E-9,-22.16E-9,46.02E-9,83.23E-9,45.95E-9,-40.62E-9,45.23E-9,153.4E-9,47.72E-9,85.12E-9,45.15E-9,-363.7E-9,47.17E-9,130.0E-9,45.67E-9,-14.61E-9,45.27E-9,152.9E-9,45.15E-9,-136.7E-9,45.15E-9,-241.7E-9,45.13E-9,-91.94E-9,45.08E-9,-9.772E-6
54.98E-9,-17.76E-9,54.95E-9,749.6E-9,54.94E-9,1.563E-6,51.41E-9,15.43E-9,48.01E-9,-1.925E-9,45.69E-9,1.113E-9,45.48E-9,22.10E-9,46.81E-9,-83.44E-9,46.69E-9,40.35E-9,45.28E-9,-154.0E-9,49.32E-9,-85.53E-9,45.17E-9,108.0E-9,48.77E-9,-130.6E-9,46.18E-9,13.81E-9,45.40E-9,-153.9E-9,45.17E-9,99.26E-9,45.17E-9,222.7E-9,45.15E-9,11.54E-9,45.09E-9,-4.640E-6
54.99E-9,-17.58E-9,54.96E-9,957.1E-9,54.95E-9,885.8E-9,53.01E-9,-15.51E-9,49.61E-9,1.822E-9,46.09E-9,-1.234E-9,45.71E-9,-22.28E-9,48.38E-9,83.24E-9,48.17E-9,-40.61E-9,45.36E-9,153.9E-9,50.92E-9,85.12E-9,45.20E-9,-150.9E-9,50.37E-9,130.0E-9,47.21E-9,-14.60E-9,45.65E-9,152.9E-9,45.21E-9,-99.41E-9,45.22E-9,-222.6E-9,45.19E-9,-15.08E-9,45.10E-9,-1.572E-6
55.02E-9,-18.10E-9,54.96E-9,-52.75E-9,54.96E-9,1.014E-6,53.97E-9,15.43E-9,51.21E-9,-1.926E-9,46.89E-9,1.099E-9,46.17E-9,22.12E-9,49.98E-9,-83.45E-9,49.77E-9,40.35E-9,45.52E-9,-154.2E-9,52.52E-9,-85.53E-9,45.24E-9,149.5E-9,51.97E-9,-130.6E-9,48.81E-9,13.80E-9,46.14E-9,-153.9E-9,45.28E-9,98.31E-9,45.29E-9,221.0E-9,45.24E-9,13.94E-9,45.11E-9,-1.012E-6
55.09E-9,-18.64E-9,54.96E-9,-52.56E-9,54.96E-9,-118.7E-9,54.93E-9,-15.51E-9,52.81E-9,1.824E-9,48.49E-9,-1.228E-9,47.09E-9,-22.28E-9,51.58E-9,83.24E-9,51.37E-9,-40.61E-9,45.85E-9,153.9E-9,53.72E-9,85.12E-9,45.30E-9,-149.6E-9,53.57E-9,130.0E-9,50.41E-9,-14.60E-9,47.14E-9,153.0E-9,45.41E-9,-99.51E-9,45.45E-9,-222.4E-9,45.34E-9,-15.84E-9,45.12E-9,79.46E-9
55.22E-9,-16.78E-9,54.97E-9,-52.83E-9,54.96E-9,-118.8E-9,54.94E-9,1.904E-6,53.87E-9,-1.928E-9,50.09E-9,1.095E-9,48.69E-9,22.12E-9,53.18E-9,-83.45E-9,52.97E-9,40.34E-9,46.52E-9,-154.2E-9,54.93E-9,-85.53E-9,45.44E-9,149.0E-9,54.93E-9,-130.6E-9,52.01E-9,13.80E-9,48.74E-9,-153.9E-9,45.67E-9,98.30E-9,45.75E-9,220.9E-9,45.55E-9,14.05E-9,45.14E-9,-302.3E-9
55.47E-9,-16.61E-9,54.97E-9,-52.66E-9,54.97E-9,-119.3E-9,54.95E-9,1.128E-6,54.93E-9,1.826E-9,51.69E-9,-1.225E-9,50.29E-9,-22.29E-9,54.06E-9,83.24E-9,53.95E-9,-40.60E-9,47.84E-9,153.9E-9,54.94E-9,4.192E-6,45.71E-9,-149.5E-9,54.94E-9,4.091E-6,53.61E-9,-14.59E-9,50.34E-9,153.0E-9,46.19E-9,-99.51E-9,46.37E-9,-222.4E-9,45.97E-9,-15.88E-9,45.16E-9,277.1E-9
55.98E-9,-13.63E-9,54.98E-9,-53.12E-9,54.97E-9,-119.9E-9,54.96E-9,968.4E-9,54.94E-9,2.233E-6,53.29E-9,1.092E-9,51.89E-9,22.12E-9,54.93E-9,-83.45E-9,54.93E-9,40.34E-9,49.44E-9,-154.2E-9,54.95E-9,1.930E-6,46.26E-9,149.0E-9,54.95E-9,1.652E-6,54.93E-9,13.80E-9,51.94E-9,-153.9E-9,47.24E-9,98.30E-9,47.59E-9,220.9E-9,46.80E-9,14.07E-9,45.20E-9,-277.5E-9
56.56E-9,-12.89E-9,54.99E-9,-53.83E-9,54.98E-9,-124.8E-9,54.96E-9,-215.6E-9,54.95E-9,1.257E-6,54.11E-9,-1.220E-9,53.49E-9,-22.29E-9,54.94E-9,3.395E-6,54.94E-9,3.741E-6,51.04E-9,153.9E-9,54.96E-9,530.3E-9,47.35E-9,-149.5E-9,54.96E-9,801.0E-9,54.94E-9,4.079E-6,53.54E-9,153.0E-9,48.84E-9,-99.51E-9,49.19E-9,-222.4E-9,48.40E-9,-15.89E-9,45.27E-9,275.1E-9
57.24E-9,-9.172E-9,55.03E-9,-53.06E-9,55.00E-9,-110.4E-9,54.96E-9,-218.0E-9,54.96E-9,949.1E-9,54.93E-9,1.087E-9,54.93E-9,22.12E-9,54.95E-9,2.122E-6,54.95E-9,2.135E-6,52.64E-9,-154.2E-9,54.96E-9,-1.336E-6,48.95E-9,149.0E-9,54.96E-9,-1.718E-6,54.95E-9,1.585E-6,54.93E-9,-153.9E-9,50.44E-9,98.30E-9,50.79E-9,220.9E-9,50.00E-9,14.08E-9,45.41E-9,-277.3E-9
57.80E-9,-6.398E-9,55.09E-9,-47.08E-9,55.03E-9,-112.0E-9,54.97E-9,-220.3E-9,54.96E-9,-340.9E-9,54.94E-9,2.643E-6,54.94E-9,2.862E-6,54.95E-9,1.085E-6,54.96E-9,938.4E-9,53.79E-9,153.9E-9,54.96E-9,-1.312E-6,50.55E-9,-149.5E-9,54.96E-9,-1.686E-6,54.96E-9,904.8E-9,54.94E-9,3.643E-6,52.04E-9,-99.51E-9,52.39E-9,-222.3E-9,51.60E-9,-15.90E-9,45.69E-9,275.1E-9
58.35E-9,-3.096E-9,55.23E-9,-45.30E-9,55.10E-9,-93.68E-9,54.97E-9,-224.1E-9,54.96E-9,-359.1E-9,54.95E-9,1.714E-6,54.95E-9,1.248E-6,54.96E-9,896.8E-9,54.96E-9,1.012E-6,54.93E-9,-154.2E-9,54.97E-9,-1.297E-6,52.15E-9,148.9E-9,54.97E-9,-1.663E-6,54.96E-9,-1.913E-6,54.94E-9,2.968E-6,53.64E-9,98.30E-9,53.66E-9,220.9E-9,53.20E-9,14.09E-9,46.25E-9,-277.3E-9
58.63E-9,-3.522E-9,55.49E-9,-34.98E-9,55.24E-9,-84.34E-9,54.98E-9,-200.0E-9,54.97E-9,-328.3E-9,54.95E-9,1.178E-6,54.96E-9,908.6E-9,54.96E-9,-803.1E-9,54.96E-9,-973.7E-9,54.94E-9,3.989E-6,54.97E-9,-1.257E-6,53.75E-9,-149.5E-9,54.97E-9,-1.610E-6,54.96E-9,-1.876E-6,54.95E-9,1.403E-6,54.93E-9,-99.51E-9,54.93E-9,-222.3E-9,54.07E-9,-15.91E-9,47.38E-9,275.1E-9
59.09E-9,-2.185E-9,55.75E-9,-30.60E-9,55.40E-9,-49.00E-9,55.00E-9,-205.8E-9,54.97E-9,-339.2E-9,54.96E-9,892.3E-9,54.96E-9,-640.8E-9,54.96E-9,-786.4E-9,54.96E-9,-958.7E-9,54.95E-9,1.974E-6,54.98E-9,-1.188E-6,54.93E-9,148.9E-9,54.98E-9,-1.510E-6,54.97E-9,-1.847E-6,54.95E-9,2.315E-6,54.94E-9,3.711E-6,54.94E-9,3.378E-6,54.93E-9,14.09E-9,48.98E-9,-277.3E-9
59.54E-9,-2.986E-9,55.95E-9,-17.33E-9,55.54E-9,-23.57E-9,55.04E-9,-174.9E-9,54.98E-9,-307.6E-9,54.96E-9,-502.1E-9,54.96E-9,-621.0E-9,54.96E-9,-785.4E-9,54.96E-9,-954.6E-9,54.96E-9,489.7E-9,54.99E-9,-1.022E-6,54.94E-9,4.386E-6,54.99E-9,-1.237E-6,54.97E-9,-1.783E-6,54.96E-9,-352.0E-9,54.95E-9,1.205E-6,54.95E-9,928.8E-9,54.94E-9,5.105E-6,50.58E-9,275.0E-9
60.19E-9,-1.992E-9,56.18E-9,-10.25E-9,55.66E-9,-5.802E-9,55.11E-9,-162.8E-9,55.00E-9,-311.7E-9,54.96E-9,-478.7E-9,54.97E-9,-622.3E-9,54.97E-9,-765.8E-9,54.97E-9,-934.7E-9,54.96E-9,-1.151E-6,55.02E-9,-658.2E-9,54.95E-9,1.928E-6,55.01E-9,-798.9E-9,54.98E-9,-1.659E-6,54.96E-9,-2.121E-6,54.96E-9,1.184E-6,54.96E-9,2.802E-6,54.95E-9,344.3E-9,52.18E-9,-277.3E-9
61.03E-9,-2.920E-9,56.43E-9,-2.938E-9,55.75E-9,-8.704E-9,55.19E-9,-111.4E-9,55.03E-9,-261.4E-9,54.96E-9,-479.1E-9,54.97E-9,-602.2E-9,54.97E-9,-748.4E-9,54.97E-9,-909.7E-9,54.96E-9,-1.130E-6,55.03E-9,-377.0E-9,54.96E-9,1.298E-6,55.02E-9,-475.1E-9,54.99E-9,-1.285E-6,54.96E-9,-2.082E-6,54.96E-9,-2.306E-6,54.96E-9,-1.134E-6,54.95E-9,2.605E-6,53.78E-9,275.0E-9
62.34E-9,-1.980E-9,56.62E-9,-4.872E-9,55.84E-9,-1.237E-9,55.25E-9,-77.57E-9,55.10E-9,-215.5E-9,54.97E-9,-460.7E-9,54.98E-9,-590.7E-9,54.99E-9,-697.7E-9,54.98E-9,-849.5E-9,54.97E-9,-1.118E-6,55.05E-9,-207.3E-9,54.96E-9,627.8E-9,55.04E-9,-238.9E-9,55.01E-9,-811.4E-9,54.96E-9,-2.062E-6,54.96E-9,-2.255E-6,54.96E-9,-2.517E-6,54.96E-9,877.3E-9,54.93E-9,-277.2E-9
63.67E-9,-2.920E-9,56.81E-9,-1.633E-9,55.95E-9,-6.820E-9,55.31E-9,-27.82E-9,55.15E-9,-116.5E-9,54.97E-9,-455.9E-9,54.99E-9,-545.6E-9,55.01E-9,-613.6E-9,55.01E-9,-732.3E-9,54.97E-9,-1.084E-6,55.07E-9,-84.06E-9,54.96E-9,-1.534E-6,55.05E-9,-122.2E-9,55.02E-9,-489.2E-9,54.97E-9,-2.000E-6,54.97E-9,-2.216E-6,54.96E-9,-2.467E-6,54.96E-9,422.3E-9,54.94E-9,3.040E-6
65.00E-9,-1.981E-9,57.04E-9,-4.420E-9,56.11E-9,-417.1E-12,55.37E-9,-25.78E-9,55.20E-9,-72.55E-9,54.99E-9,-425.7E-9,55.02E-9,-481.0E-9,55.03E-9,-492.6E-9,55.02E-9,-557.4E-9,54.98E-9,-1.031E-6,55.08E-9,-61.05E-9,54.96E-9,-1.511E-6,55.06E-9,-72.24E-9,55.03E-9,-266.6E-9,54.97E-9,-1.899E-6,54.97E-9,-2.127E-6,54.96E-9,-2.448E-6,54.96E-9,-2.719E-6,54.95E-9,-412.9E-9
65.01E-9,-925.3E-9,57.40E-9,-1.461E-9,56.34E-9,-6.559E-9,55.42E-9,-3.169E-9,55.25E-9,-16.33E-9,55.01E-9,-394.3E-9,55.04E-9,-389.7E-9,55.06E-9,-286.1E-9,55.05E-9,-322.4E-9,55.00E-9,-905.6E-9,55.10E-9,-21.39E-9,54.96E-9,-1.501E-6,55.08E-9,-38.66E-9,55.04E-9,-153.3E-9,54.98E-9,-1.621E-6,54.98E-9,-1.945E-6,54.97E-9,-2.371E-6,54.96E-9,-2.679E-6,54.96E-9,3.323E-6
65.02E-9,-1.905E-6,57.97E-9,-4.379E-9,56.69E-9,-382.6E-12,55.48E-9,-13.82E-9,55.29E-9,-24.74E-9,55.07E-9,-289.5E-9,55.08E-9,-223.2E-9,55.08E-9,-163.4E-9,55.06E-9,-187.9E-9,55.01E-9,-729.9E-9,55.12E-9,-27.84E-9,54.97E-9,-1.465E-6,55.09E-9,-28.42E-9,55.05E-9,-79.27E-9,55.00E-9,-1.100E-6,54.99E-9,-1.391E-6,54.97E-9,-2.254E-6,54.96E-9,-2.653E-6,54.96E-9,-1.893E-6
65.03E-9,-3.441E-6,58.91E-9,-1.460E-9,57.31E-9,-6.561E-9,55.55E-9,2.098E-9,55.33E-9,1.546E-9,55.11E-9,-147.9E-9,55.10E-9,-122.7E-9,55.09E-9,-96.68E-9,55.08E-9,-101.7E-9,55.03E-9,-432.1E-9,55.15E-9,-5.992E-9,54.97E-9,-1.411E-6,55.12E-9,-17.84E-9,55.07E-9,-52.78E-9,55.01E-9,-661.4E-9,55.00E-9,-865.9E-9,54.98E-9,-1.903E-6,54.97E-9,-2.586E-6,54.96E-9,-2.914E-6
65.03E-9,-2.071E-6,60.51E-9,-4.380E-9,58.55E-9,-382.6E-12,55.64E-9,-11.37E-9,55.38E-9,-16.80E-9,55.15E-9,-70.63E-9,55.12E-9,-74.82E-9,55.12E-9,-50.49E-9,55.10E-9,-60.36E-9,55.05E-9,-263.9E-9,55.18E-9,-21.89E-9,54.98E-9,-1.284E-6,55.15E-9,-20.63E-9,55.09E-9,-26.59E-9,55.02E-9,-377.6E-9,55.01E-9,-523.3E-9,54.99E-9,-1.308E-6,54.97E-9,-2.465E-6,54.96E-9,-2.854E-6
65.03E-9,-2.063E-6,62.11E-9,-1.460E-9,60.15E-9,-6.561E-9,55.76E-9,2.940E-9,55.44E-9,5.279E-9,55.18E-9,-40.45E-9,55.15E-9,-35.68E-9,55.14E-9,-28.92E-9,55.12E-9,-28.56E-9,55.06E-9,-148.2E-9,55.23E-9,-4.633E-9,55.00E-9,-1.077E-6,55.19E-9,-15.97E-9,55.11E-9,-28.07E-9,55.04E-9,-168.8E-9,55.02E-9,-296.1E-9,55.00E-9,-797.4E-9,54.98E-9,-2.155E-6,54.96E-9,-2.834E-6
65.03E-9,-2.060E-6,63.71E-9,-4.380E-9,61.75E-9,-382.6E-12,55.93E-9,-11.19E-9,55.53E-9,-15.38E-9,55.21E-9,-19.22E-9,55.17E-9,-23.76E-9,55.16E-9,-15.75E-9,55.14E-9,-21.55E-9,55.08E-9,-87.68E-9,55.31E-9,-21.77E-9,55.01E-9,-675.3E-9,55.26E-9,-20.48E-9,55.13E-9,-17.29E-9,55.05E-9,-118.1E-9,55.03E-9,-186.1E-9,55.02E-9,-452.8E-9,54.99E-9,-1.511E-6,54.97E-9,-2.742E-6
65.04E-9,-2.046E-6,65.00E-9,-1.460E-9,63.35E-9,-6.561E-9,56.23E-9,2.946E-9,55.66E-9,5.597E-9,55.24E-9,-14.07E-9,55.20E-9,-10.18E-9,55.19E-9,-11.18E-9,55.17E-9,-9.017E-9,55.09E-9,-40.42E-9,55.47E-9,-4.653E-9,55.03E-9,-414.3E-9,55.40E-9,-15.99E-9,55.17E-9,-25.69E-9,55.06E-9,-46.72E-9,55.05E-9,-86.85E-9,55.03E-9,-215.0E-9,55.00E-9,-935.4E-9,54.97E-9,-2.603E-6
65.05E-9,-2.026E-6,65.01E-9,-1.146E-6,64.18E-9,-382.6E-12,56.82E-9,-11.19E-9,55.86E-9,-15.36E-9,55.28E-9,-6.383E-9,55.24E-9,-10.93E-9,55.23E-9,-8.108E-9,55.20E-9,-13.22E-9,55.11E-9,-30.88E-9,55.80E-9,-21.76E-9,55.04E-9,-182.9E-9,55.68E-9,-20.47E-9,55.24E-9,-17.06E-9,55.07E-9,-52.45E-9,55.06E-9,-71.54E-9,55.04E-9,-147.4E-9,55.01E-9,-558.5E-9,54.98E-9,-2.166E-6
65.06E-9,-1.981E-6,65.02E-9,-2.945E-6,65.00E-9,-6.561E-9,58.01E-9,2.946E-9,56.28E-9,5.593E-9,55.33E-9,-7.994E-9,55.28E-9,-4.805E-9,55.28E-9,-8.577E-9,55.25E-9,-6.333E-9,55.14E-9,-10.91E-9,56.44E-9,-4.655E-9,55.06E-9,-103.6E-9,56.23E-9,-15.99E-9,55.36E-9,-25.71E-9,55.09E-9,-14.89E-9,55.07E-9,-26.87E-9,55.05E-9,-63.91E-9,55.02E-9,-248.3E-9,54.99E-9,-1.491E-6
65.09E-9,-1.901E-6,65.03E-9,-6.150E-6,65.01E-9,-1.291E-6,59.61E-9,-11.19E-9,57.11E-9,-15.36E-9,55.39E-9,-4.152E-9,55.35E-9,-9.183E-9,55.36E-9,-7.587E-9,55.32E-9,-12.72E-9,55.16E-9,-17.58E-9,57.72E-9,-21.76E-9,55.07E-9,-51.14E-9,57.33E-9,-20.47E-9,55.60E-9,-17.06E-9,55.12E-9,-39.30E-9,55.09E-9,-44.27E-9,55.06E-9,-66.16E-9,55.03E-9,-174.9E-9,55.00E-9,-921.2E-9
65.15E-9,-1.749E-6,65.03E-9,-4.518E-6,65.02E-9,-3.056E-6,61.21E-9,2.946E-9,58.71E-9,5.593E-9,55.49E-9,-7.451E-9,55.44E-9,-4.493E-9,55.49E-9,-8.559E-9,55.44E-9,-6.328E-9,55.20E-9,-6.075E-9,59.32E-9,-4.656E-9,55.09E-9,-37.07E-9,58.93E-9,-15.99E-9,56.09E-9,-25.71E-9,55.15E-9,-11.28E-9,55.12E-9,-16.95E-9,55.08E-9,-24.15E-9,55.04E-9,-73.99E-9,55.01E-9,-505.9E-9
65.27E-9,-1.498E-6,65.03E-9,-4.490E-6,65.03E-9,-9.980E-6,62.81E-9,-11.19E-9,60.31E-9,-15.36E-9,55.64E-9,-4.110E-9,55.60E-9,-9.180E-9,55.75E-9,-7.592E-9,55.69E-9,-12.72E-9,55.26E-9,-16.44E-9,60.92E-9,-21.76E-9,55.11E-9,-17.00E-9,60.53E-9,-20.47E-9,57.07E-9,-17.06E-9,55.21E-9,-38.80E-9,55.16E-9,-41.87E-9,55.10E-9,-49.72E-9,55.06E-9,-79.83E-9,55.02E-9,-256.5E-9
65.44E-9,-1.215E-6,65.04E-9,-4.471E-6,65.03E-9,-7.988E-6,63.90E-9,2.947E-9,61.91E-9,5.592E-9,55.94E-9,-7.457E-9,55.93E-9,-4.496E-9,56.26E-9,-8.558E-9,56.18E-9,-6.328E-9,55.35E-9,-5.992E-9,62.52E-9,-4.656E-9,55.13E-9,-20.99E-9,62.13E-9,-15.99E-9,58.67E-9,-25.71E-9,55.31E-9,-11.32E-9,55.22E-9,-16.77E-9,55.13E-9,-19.49E-9,55.07E-9,-27.43E-9,55.03E-9,-171.3E-9
65.61E-9,-873.7E-9,65.04E-9,-4.425E-6,65.03E-9,-7.920E-6,65.00E-9,-11.19E-9,63.51E-9,-15.36E-9,56.54E-9,-4.109E-9,56.58E-9,-9.179E-9,57.30E-9,-7.592E-9,57.17E-9,-12.72E-9,55.53E-9,-16.45E-9,63.76E-9,-21.76E-9,55.17E-9,-11.35E-9,63.73E-9,-20.47E-9,60.27E-9,-17.06E-9,55.50E-9,-38.79E-9,55.34E-9,-41.88E-9,55.18E-9,-49.03E-9,55.09E-9,-59.60E-9,55.04E-9,-83.76E-9
65.83E-9,-318.7E-9,65.05E-9,-4.343E-6,65.04E-9,-7.857E-6,65.01E-9,-1.664E-6,65.00E-9,5.592E-9,57.73E-9,-7.457E-9,57.88E-9,-4.496E-9,58.90E-9,-8.558E-9,58.77E-9,-6.328E-9,55.90E-9,-5.990E-9,65.00E-9,-4.657E-9,55.22E-9,-19.76E-9,65.00E-9,-15.99E-9,61.87E-9,-25.71E-9,55.90E-9,-11.32E-9,55.58E-9,-16.77E-9,55.27E-9,-19.53E-9,55.12E-9,-21.45E-9,55.06E-9,-79.19E-9
66.03E-9,-97.20E-9,65.06E-9,-4.176E-6,65.04E-9,-7.725E-6,65.02E-9,-5.906E-6,65.01E-9,-2.429E-6,59.33E-9,-4.109E-9,59.48E-9,-9.179E-9,60.50E-9,-7.592E-9,60.37E-9,-12.72E-9,56.62E-9,-16.45E-9,65.01E-9,-8.876E-6,55.30E-9,-11.29E-9,65.01E-9,-13.32E-6,63.47E-9,-17.06E-9,56.69E-9,-38.79E-9,56.06E-9,-41.88E-9,55.45E-9,-49.03E-9,55.17E-9,-58.57E-9,55.07E-9,-38.42E-9
66.22E-9,-19.78E-9,65.10E-9,-3.874E-6,65.05E-9,-7.478E-6,65.03E-9,-14.27E-6,65.02E-9,-9.327E-6,60.93E-9,-7.457E-9,61.08E-9,-4.496E-9,62.10E-9,-8.558E-9,61.97E-9,-6.328E-9,58.08E-9,-5.990E-9,65.02E-9,-32.96E-6,55.47E-9,-19.77E-9,65.02E-9,-42.51E-6,65.00E-9,-25.71E-9,58.26E-9,-11.32E-9,57.02E-9,-16.77E-9,55.80E-9,-19.54E-9,55.24E-9,-21.48E-9,55.09E-9,-60.79E-9
66.36E-9,-12.16E-9,65.16E-9,-3.336E-6,65.07E-9,-6.999E-6,65.03E-9,-12.20E-6,65.03E-9,-19.04E-6,62.53E-9,-4.109E-9,62.68E-9,-9.179E-9,63.70E-9,-7.592E-9,63.57E-9,-12.72E-9,59.68E-9,-16.45E-9,65.03E-9,-52.83E-6,55.80E-9,-11.29E-9,65.03E-9,-65.02E-6,65.01E-9,-18.71E-6,59.86E-9,-38.79E-9,58.62E-9,-41.88E-9,56.50E-9,-49.03E-9,55.40E-9,-58.57E-9,55.12E-9,-33.25E-9
66.53E-9,702.5E-12,65.26E-9,-2.625E-6,65.11E-9,-6.124E-6,65.03E-9,-12.08E-6,65.03E-9,-16.87E-6,63.77E-9,-7.457E-9,63.84E-9,-4.496E-9,65.00E-9,-8.558E-9,65.00E-9,-6.328E-9,61.28E-9,-5.990E-9,65.03E-9,-49.19E-6,56.46E-9,-19.77E-9,65.03E-9,-60.71E-6,65.02E-9,-46.60E-6,61.46E-9,-11.32E-9,60.22E-9,-16.77E-9,57.90E-9,-19.54E-9,55.71E-9,-21.49E-9,55.17E-9,-60.08E-9
66.77E-9,-3.717E-9,65.37E-9,-1.496E-6,65.18E-9,-4.449E-6,65.04E-9,-11.98E-6,65.03E-9,-16.68E-6,65.00E-9,-4.109E-9,65.00E-9,-9.179E-9,65.01E-9,-4.696E-6,65.01E-9,-6.665E-6,62.88E-9,-16.46E-9,65.03E-9,-48.39E-6,57.78E-9,-11.29E-9,65.03E-9,-59.65E-6,65.03E-9,-58.31E-6,63.06E-9,-38.79E-9,61.82E-9,-41.88E-9,59.50E-9,-49.02E-9,56.33E-9,-58.56E-9,55.25E-9,-33.29E-9
67.16E-9,3.363E-9,65.48E-9,-516.8E-9,65.25E-9,-2.315E-6,65.04E-9,-11.76E-6,65.04E-9,-16.52E-6,65.01E-9,-2.735E-6,65.01E-9,-3.302E-6,65.02E-9,-21.32E-6,65.02E-9,-27.28E-6,63.94E-9,-5.990E-9,65.04E-9,-47.66E-6,59.38E-9,-19.77E-9,65.04E-9,-58.67E-6,65.03E-9,-72.82E-6,64.03E-9,-11.32E-9,63.42E-9,-16.77E-9,61.10E-9,-19.54E-9,57.56E-9,-21.49E-9,55.42E-9,-60.07E-9
67.78E-9,-3.367E-9,65.51E-9,-365.4E-9,65.31E-9,-918.3E-9,65.05E-9,-11.35E-6,65.04E-9,-16.20E-6,65.02E-9,-12.91E-6,65.02E-9,-15.63E-6,65.03E-9,-35.17E-6,65.03E-9,-40.91E-6,65.00E-9,-16.46E-9,65.04E-9,-46.14E-6,60.98E-9,-11.29E-9,65.04E-9,-56.58E-6,65.03E-9,-66.61E-6,65.00E-9,-38.79E-9,65.00E-9,-41.88E-9,62.70E-9,-49.02E-9,59.16E-9,-58.56E-9,55.76E-9,-33.29E-9
68.95E-9,3.320E-9,65.58E-9,-152.5E-9,65.34E-9,-552.8E-9,65.07E-9,-10.55E-6,65.05E-9,-15.57E-6,65.03E-9,-24.20E-6,65.03E-9,-29.61E-6,65.03E-9,-32.38E-6,65.03E-9,-37.86E-6,65.01E-9,-6.117E-6,65.05E-9,-42.80E-6,62.58E-9,-19.77E-9,65.05E-9,-51.70E-6,65.03E-9,-65.78E-6,65.01E-9,-14.17E-6,65.01E-9,-25.03E-6,63.85E-9,-19.54E-9,60.76E-9,-21.49E-9,56.43E-9,-60.07E-9
70.55E-9,-3.360E-9,65.65E-9,-80.47E-9,65.39E-9,-234.3E-9,65.10E-9,-8.988E-6,65.06E-9,-14.32E-6,65.03E-9,-21.83E-6,65.03E-9,-27.03E-6,65.03E-9,-31.94E-6,65.03E-9,-37.32E-6,65.02E-9,-25.83E-6,65.06E-9,-32.58E-6,63.79E-9,-11.29E-9,65.06E-9,-37.80E-6,65.03E-9,-65.07E-6,65.02E-9,-44.66E-6,65.02E-9,-56.40E-6,65.00E-9,-49.02E-9,62.36E-9,-58.56E-9,57.77E-9,-33.29E-9
72.15E-9,3.316E-9,65.74E-9,-16.47E-9,65.43E-9,-103.8E-9,65.14E-9,-6.810E-6,65.10E-9,-11.56E-6,65.03E-9,-21.57E-6,65.03E-9,-26.68E-6,65.04E-9,-31.56E-6,65.04E-9,-36.87E-6,65.03E-9,-37.52E-6,65.08E-9,-20.84E-6,65.00E-9,-19.77E-9,65.07E-9,-24.03E-6,65.04E-9,-63.53E-6,65.02E-9,-59.97E-6,65.03E-9,-69.63E-6,65.01E-9,-21.72E-6,63.68E-9,-21.49E-9,59.37E-9,-60.07E-9
73.75E-9,-3.357E-9,65.84E-9,-13.51E-9,65.49E-9,-33.10E-9,65.19E-9,-3.336E-6,65.13E-9,-7.907E-6,65.04E-9,-21.35E-6,65.04E-9,-26.36E-6,65.04E-9,-30.77E-6,65.04E-9,-35.94E-6,65.03E-9,-48.80E-6,65.09E-9,-11.44E-6,65.01E-9,-10.57E-6,65.08E-9,-12.90E-6,65.04E-9,-60.25E-6,65.03E-9,-70.99E-6,65.03E-9,-84.99E-6,65.02E-9,-58.64E-6,65.00E-9,-58.56E-9,60.97E-9,-33.30E-9
74.93E-9,3.314E-9,65.98E-9,6.716E-9,65.56E-9,-7.996E-9,65.23E-9,-1.507E-6,65.16E-9,-4.089E-6,65.04E-9,-20.89E-6,65.04E-9,-25.71E-6,65.05E-9,-29.17E-6,65.05E-9,-34.02E-6,65.03E-9,-43.70E-6,65.10E-9,-5.926E-6,65.02E-9,-36.84E-6,65.09E-9,-8.728E-6,65.05E-9,-50.85E-6,65.03E-9,-77.44E-6,65.03E-9,-78.25E-6,65.03E-9,-73.94E-6,65.01E-9,-27.22E-6,62.57E-9,-60.07E-9
74.94E-9,1.011E-6,66.18E-9,-7.266E-9,65.66E-9,-425.6E-12,65.26E-9,-746.8E-9,65.19E-9,-1.746E-6,65.05E-9,-19.98E-6,65.05E-9,-24.42E-6,65.06E-9,-25.48E-6,65.06E-9,-29.33E-6,65.03E-9,-43.25E-6,65.12E-9,-2.808E-6,65.03E-9,-47.02E-6,65.10E-9,-4.164E-6,65.06E-9,-35.26E-6,65.03E-9,-72.89E-6,65.03E-9,-77.22E-6,65.03E-9,-91.61E-6,65.02E-9,-67.91E-6,63.79E-9,-33.30E-9
74.95E-9,646.2E-9,66.50E-9,7.263E-9,65.80E-9,-27.53E-12,65.29E-9,-358.0E-9,65.22E-9,-661.0E-9,65.06E-9,-18.12E-6,65.07E-9,-21.58E-6,65.09E-9,-16.84E-6,65.08E-9,-19.68E-6,65.03E-9,-42.88E-6,65.13E-9,-1.156E-6,65.03E-9,-60.88E-6,65.11E-9,-1.779E-6,65.07E-9,-21.39E-6,65.03E-9,-72.19E-6,65.03E-9,-76.32E-6,65.03E-9,-84.40E-6,65.03E-9,-95.92E-6,65.00E-9,-60.07E-9
74.96E-9,840.2E-9,67.10E-9,-7.317E-9,66.03E-9,27.07E-12,65.32E-9,-132.0E-9,65.25E-9,-335.4E-9,65.10E-9,-13.14E-6,65.09E-9,-16.97E-6,65.10E-9,-9.686E-6,65.10E-9,-11.50E-6,65.04E-9,-42.09E-6,65.14E-9,-578.0E-9,65.03E-9,-55.14E-6,65.13E-9,-862.6E-9,65.09E-9,-9.625E-6,65.03E-9,-71.57E-6,65.04E-9,-74.37E-6,65.03E-9,-83.21E-6,65.03E-9,-89.76E-6,65.01E-9,-28.31E-6
74.96E-9,-17.65E-9,68.31E-9,7.266E-9,66.49E-9,-98.32E-12,65.36E-9,-64.53E-9,65.27E-9,-96.24E-9,65.12E-9,-7.388E-6,65.11E-9,-10.15E-6,65.12E-9,-4.425E-6,65.11E-9,-5.300E-6,65.04E-9,-40.51E-6,65.16E-9,-67.66E-9,65.03E-9,-54.49E-6,65.14E-9,-114.1E-9,65.10E-9,-3.995E-6,65.03E-9,-70.26E-6,65.04E-9,-70.02E-6,65.03E-9,-82.16E-6,65.03E-9,-87.91E-6,65.02E-9,-70.08E-6
74.96E-9,-17.40E-9,69.91E-9,-7.318E-9,67.40E-9,35.27E-12,65.42E-9,4.595E-9,65.31E-9,-63.84E-9,65.15E-9,-3.589E-6,65.13E-9,-5.441E-6,65.15E-9,-1.452E-6,65.13E-9,-1.930E-6,65.05E-9,-36.94E-6,65.18E-9,-112.4E-9,65.03E-9,-53.95E-6,65.16E-9,-178.9E-9,65.11E-9,-1.790E-6,65.04E-9,-67.53E-6,65.05E-9,-56.37E-6,65.04E-9,-79.88E-6,65.04E-9,-86.18E-6,65.03E-9,-86.10E-6
74.97E-9,-17.68E-9,71.51E-9,7.267E-9,69.00E-9,-101.5E-12,65.49E-9,-16.08E-9,65.36E-9,22.15E-9,65.16E-9,-2.313E-6,65.14E-9,-3.768E-6,65.16E-9,-736.2E-9,65.15E-9,-938.3E-9,65.07E-9,-26.22E-6,65.21E-9,84.99E-9,65.04E-9,-52.77E-6,65.18E-9,127.7E-9,65.12E-9,-723.2E-9,65.05E-9,-60.58E-6,65.06E-9,-38.40E-6,65.04E-9,-74.65E-6,65.04E-9,-82.30E-6,65.03E-9,-103.7E-6
74.97E-9,-17.44E-9,73.11E-9,-7.319E-9,70.60E-9,37.13E-12,65.60E-9,15.53E-9,65.43E-9,-27.18E-9,65.18E-9,-1.103E-6,65.15E-9,-1.763E-6,65.18E-9,-220.5E-9,65.16E-9,-320.6E-9,65.09E-9,-15.87E-6,65.26E-9,-85.34E-9,65.04E-9,-50.35E-6,65.22E-9,-130.1E-9,65.14E-9,-253.7E-9,65.06E-9,-43.81E-6,65.07E-9,-22.78E-6,65.05E-9,-57.24E-6,65.05E-9,-71.24E-6,65.03E-9,-96.01E-6
74.98E-9,-17.76E-9,74.02E-9,7.267E-9,72.20E-9,-103.1E-12,65.77E-9,-15.52E-9,65.53E-9,27.31E-9,65.20E-9,-465.4E-9,65.17E-9,-821.5E-9,65.20E-9,-145.0E-9,65.18E-9,-166.6E-9,65.10E-9,-8.244E-6,65.34E-9,85.09E-9,65.05E-9,-44.16E-6,65.29E-9,130.0E-9,65.15E-9,-30.10E-9,65.07E-9,-27.75E-6,65.09E-9,-7.832E-6,65.06E-9,-38.13E-6,65.06E-9,-50.98E-6,65.03E-9,-94.62E-6
74.99E-9,-17.60E-9,74.93E-9,-7.319E-9,73.80E-9,38.54E-12,66.12E-9,15.42E-9,65.72E-9,-27.41E-9,65.23E-9,-219.8E-9,65.19E-9,-348.3E-9,65.23E-9,40.74E-9,65.21E-9,24.76E-9,65.11E-9,-5.332E-6,65.50E-9,-85.53E-9,65.07E-9,-31.00E-6,65.41E-9,-130.7E-9,65.18E-9,-16.14E-9,65.08E-9,-14.63E-6,65.10E-9,-3.679E-6,65.07E-9,-21.77E-6,65.07E-9,-32.32E-6,65.03E-9,-93.38E-6
75.03E-9,-18.11E-9,74.94E-9,1.294E-6,74.93E-9,-104.5E-12,66.81E-9,-15.50E-9,66.09E-9,27.31E-9,65.26E-9,-21.07E-9,65.22E-9,-93.50E-9,65.27E-9,-54.94E-9,65.25E-9,-46.26E-9,65.12E-9,-2.662E-6,65.81E-9,85.12E-9,65.08E-9,-18.89E-6,65.66E-9,130.0E-9,65.22E-9,15.08E-9,65.09E-9,-7.046E-6,65.11E-9,-1.314E-6,65.08E-9,-11.87E-6,65.08E-9,-15.18E-6,65.04E-9,-90.67E-6
75.09E-9,-18.64E-9,74.95E-9,807.4E-9,74.94E-9,1.563E-6,68.20E-9,15.42E-9,66.84E-9,-27.41E-9,65.30E-9,-44.45E-9,65.25E-9,-43.16E-9,65.34E-9,54.99E-9,65.30E-9,46.02E-9,65.14E-9,-1.026E-6,66.45E-9,-85.53E-9,65.09E-9,-9.475E-6,66.16E-9,-130.7E-9,65.28E-9,-15.55E-9,65.10E-9,-3.457E-6,65.12E-9,-774.8E-9,65.09E-9,-5.584E-6,65.09E-9,-6.145E-6,65.04E-9,-84.24E-6
75.22E-9,-16.70E-9,74.96E-9,920.4E-9,74.95E-9,884.4E-9,69.80E-9,-15.50E-9,68.33E-9,27.31E-9,65.35E-9,35.36E-9,65.29E-9,17.82E-9,65.45E-9,-55.12E-9,65.39E-9,-46.14E-9,65.15E-9,-597.4E-9,67.72E-9,85.12E-9,65.11E-9,-3.158E-6,67.16E-9,130.1E-9,65.41E-9,14.71E-9,65.11E-9,-1.258E-6,65.13E-9,19.79E-9,65.10E-9,-2.254E-6,65.10E-9,-2.687E-6,65.05E-9,-63.41E-6
75.49E-9,-16.58E-9,74.96E-9,-52.74E-9,74.96E-9,1.015E-6,71.40E-9,15.41E-9,69.93E-9,-27.41E-9,65.43E-9,-35.40E-9,65.35E-9,-19.23E-9,65.66E-9,54.90E-9,65.58E-9,45.85E-9,65.17E-9,12.63E-9,69.32E-9,-85.54E-9,65.12E-9,-1.643E-6,68.76E-9,-130.7E-9,65.67E-9,-15.49E-9,65.12E-9,-715.3E-9,65.15E-9,-200.7E-9,65.11E-9,-1.167E-6,65.11E-9,-1.142E-6,65.06E-9,-42.22E-6
76.01E-9,-13.48E-9,74.96E-9,-52.59E-9,74.96E-9,-118.7E-9,73.00E-9,-15.49E-9,71.53E-9,27.31E-9,65.58E-9,35.32E-9,65.45E-9,19.32E-9,66.10E-9,-55.10E-9,65.95E-9,-46.11E-9,65.19E-9,-179.5E-9,70.92E-9,85.12E-9,65.13E-9,-465.9E-9,70.36E-9,130.1E-9,66.18E-9,14.69E-9,65.14E-9,33.56E-9,65.18E-9,180.5E-9,65.12E-9,-119.0E-9,65.12E-9,-364.9E-9,65.07E-9,-23.68E-6
76.59E-9,-12.84E-9,74.97E-9,-52.82E-9,74.96E-9,-118.9E-9,73.97E-9,15.41E-9,73.13E-9,-27.41E-9,65.86E-9,-35.46E-9,65.65E-9,-19.52E-9,66.96E-9,54.89E-9,66.68E-9,45.84E-9,65.23E-9,153.3E-9,72.52E-9,-85.54E-9,65.15E-9,-363.6E-9,71.96E-9,-130.7E-9,67.20E-9,-15.48E-9,65.16E-9,-197.0E-9,65.22E-9,-180.3E-9,65.14E-9,-252.1E-9,65.13E-9,-91.56E-9,65.08E-9,-12.89E-6
77.29E-9,-8.872E-9,74.97E-9,-52.73E-9,74.97E-9,-119.2E-9,74.93E-9,-15.49E-9,74.03E-9,27.31E-9,66.43E-9,35.33E-9,66.04E-9,19.36E-9,68.56E-9,-55.10E-9,68.16E-9,-46.10E-9,65.28E-9,-154.0E-9,73.72E-9,85.13E-9,65.17E-9,108.0E-9,73.56E-9,130.1E-9,68.80E-9,14.68E-9,65.19E-9,179.2E-9,65.30E-9,179.0E-9,65.16E-9,191.1E-9,65.15E-9,11.08E-9,65.09E-9,-6.093E-6
77.86E-9,-6.070E-9,74.98E-9,-53.19E-9,74.97E-9,-120.0E-9,74.94E-9,1.904E-6,74.93E-9,-27.41E-9,67.56E-9,-35.46E-9,66.83E-9,-19.53E-9,70.16E-9,54.89E-9,69.76E-9,45.84E-9,65.36E-9,153.8E-9,74.93E-9,-85.54E-9,65.20E-9,-150.9E-9,74.93E-9,-130.7E-9,70.40E-9,-15.47E-9,65.23E-9,-179.0E-9,65.45E-9,-180.2E-9,65.19E-9,-193.3E-9,65.19E-9,-14.62E-9,65.10E-9,-2.427E-6
78.41E-9,-2.907E-9,75.00E-9,-54.87E-9,74.98E-9,-124.7E-9,74.95E-9,1.128E-6,74.94E-9,2.262E-6,69.16E-9,35.33E-9,68.41E-9,19.37E-9,71.76E-9,-55.10E-9,71.36E-9,-46.10E-9,65.52E-9,-154.2E-9,74.94E-9,4.192E-6,65.24E-9,149.4E-9,74.94E-9,4.087E-6,72.00E-9,14.68E-9,65.31E-9,177.9E-9,65.76E-9,178.9E-9,65.25E-9,192.3E-9,65.24E-9,13.48E-9,65.11E-9,-1.257E-6
78.83E-9,-3.314E-9,75.04E-9,-50.59E-9,75.00E-9,-110.6E-9,74.96E-9,968.6E-9,74.95E-9,1.386E-6,70.76E-9,-35.46E-9,70.01E-9,-19.54E-9,73.36E-9,54.89E-9,72.96E-9,45.83E-9,65.86E-9,153.9E-9,74.95E-9,1.930E-6,65.30E-9,-149.6E-9,74.95E-9,1.651E-6,73.60E-9,-15.47E-9,65.47E-9,-178.9E-9,66.37E-9,-180.1E-9,65.36E-9,-193.8E-9,65.34E-9,-15.38E-9,65.12E-9,-102.3E-9
79.28E-9,-2.079E-9,75.11E-9,-48.34E-9,75.03E-9,-111.9E-9,74.96E-9,-215.6E-9,74.96E-9,888.0E-9,72.36E-9,35.33E-9,71.61E-9,19.37E-9,74.93E-9,-55.09E-9,73.95E-9,-46.09E-9,66.52E-9,-154.2E-9,74.96E-9,530.3E-9,65.44E-9,149.0E-9,74.96E-9,801.0E-9,74.93E-9,14.67E-9,65.79E-9,177.9E-9,67.59E-9,178.9E-9,65.59E-9,192.4E-9,65.55E-9,13.60E-9,65.13E-9,-278.0E-9
79.64E-9,-3.000E-9,75.26E-9,-42.25E-9,75.10E-9,-93.83E-9,74.96E-9,-218.0E-9,74.96E-9,-341.2E-9,73.65E-9,-35.46E-9,73.21E-9,-19.54E-9,74.94E-9,3.142E-6,74.93E-9,45.83E-9,67.84E-9,153.9E-9,74.96E-9,-1.336E-6,65.71E-9,-149.5E-9,74.96E-9,-1.718E-6,74.94E-9,4.072E-6,66.43E-9,-178.9E-9,69.19E-9,-180.1E-9,66.04E-9,-193.9E-9,65.97E-9,-15.43E-9,65.16E-9,219.1E-9
80.00E-9,-1.976E-9,75.51E-9,-36.37E-9,75.24E-9,-84.29E-9,74.97E-9,-220.3E-9,74.96E-9,-359.1E-9,74.93E-9,35.33E-9,74.07E-9,19.38E-9,74.95E-9,1.538E-6,74.94E-9,3.739E-6,69.44E-9,-154.2E-9,74.96E-9,-1.312E-6,66.26E-9,148.9E-9,74.96E-9,-1.686E-6,74.95E-9,1.584E-6,67.70E-9,177.9E-9,70.79E-9,178.9E-9,66.93E-9,192.4E-9,66.80E-9,13.62E-9,65.19E-9,-221.2E-9
 , ,75.78E-9,-27.41E-9,75.40E-9,-49.28E-9,74.97E-9,-224.1E-9,74.97E-9,-330.1E-9,74.94E-9,2.546E-6,74.93E-9,-19.55E-9,74.96E-9,768.1E-9,74.95E-9,2.123E-6,71.04E-9,153.9E-9,74.97E-9,-1.297E-6,67.35E-9,-149.5E-9,74.97E-9,-1.663E-6,74.96E-9,903.9E-9,69.30E-9,-178.9E-9,72.39E-9,-180.1E-9,68.53E-9,-193.9E-9,68.40E-9,-15.44E-9,65.24E-9,219.3E-9
 , ,75.91E-9,-21.47E-9,75.54E-9,-23.49E-9,74.98E-9,-200.0E-9,74.97E-9,-337.5E-9,74.95E-9,1.247E-6,74.94E-9,3.017E-6,74.96E-9,-800.7E-9,74.95E-9,1.067E-6,72.64E-9,-154.2E-9,74.97E-9,-1.257E-6,68.95E-9,148.9E-9,74.97E-9,-1.610E-6,74.96E-9,-1.913E-6,70.90E-9,177.9E-9,73.66E-9,178.9E-9,70.13E-9,192.4E-9,70.00E-9,13.62E-9,65.36E-9,-221.6E-9
 , ,76.14E-9,-9.348E-9,75.66E-9,-5.940E-9,75.00E-9,-205.8E-9,74.98E-9,-308.5E-9,74.96E-9,952.7E-9,74.95E-9,1.918E-6,74.96E-9,-782.0E-9,74.96E-9,948.8E-9,73.79E-9,153.9E-9,74.98E-9,-1.188E-6,70.55E-9,-149.4E-9,74.98E-9,-1.510E-6,74.96E-9,-1.876E-6,72.50E-9,-178.8E-9,74.93E-9,-180.1E-9,71.73E-9,-193.9E-9,71.60E-9,-15.44E-9,65.58E-9,219.4E-9
 , ,76.36E-9,-5.775E-9,75.75E-9,-8.599E-9,75.04E-9,-174.9E-9,75.00E-9,-308.9E-9,74.96E-9,-500.4E-9,74.96E-9,1.082E-6,74.97E-9,-779.4E-9,74.96E-9,-973.6E-9,74.93E-9,-154.2E-9,74.99E-9,-1.022E-6,72.15E-9,148.9E-9,74.99E-9,-1.238E-6,74.97E-9,-1.847E-6,73.72E-9,177.9E-9,74.94E-9,3.779E-6,73.33E-9,192.4E-9,73.20E-9,13.63E-9,66.02E-9,-221.6E-9
 , ,76.55E-9,-3.109E-9,75.84E-9,-1.362E-9,75.11E-9,-162.9E-9,75.04E-9,-260.1E-9,74.96E-9,-470.0E-9,74.96E-9,906.0E-9,74.97E-9,-756.0E-9,74.96E-9,-957.8E-9,74.94E-9,3.990E-6,75.02E-9,-658.2E-9,73.75E-9,-149.4E-9,75.01E-9,-799.5E-9,74.97E-9,-1.783E-6,74.93E-9,-178.8E-9,74.95E-9,1.175E-6,74.93E-9,-193.9E-9,74.07E-9,-15.45E-9,66.91E-9,219.4E-9
 , ,76.73E-9,-3.781E-9,75.95E-9,-6.703E-9,75.19E-9,-111.4E-9,75.11E-9,-204.0E-9,74.97E-9,-478.8E-9,74.96E-9,-645.6E-9,74.98E-9,-731.9E-9,74.96E-9,-953.0E-9,74.95E-9,1.976E-6,75.03E-9,-377.0E-9,74.93E-9,148.9E-9,75.02E-9,-475.4E-9,74.98E-9,-1.659E-6,74.94E-9,4.245E-6,74.96E-9,1.209E-6,74.94E-9,1.757E-6,74.93E-9,13.64E-9,68.51E-9,-221.6E-9
 , ,76.95E-9,-2.419E-9,76.11E-9,-536.4E-12,75.25E-9,-77.58E-9,75.17E-9,-76.09E-9,74.97E-9,-452.5E-9,74.96E-9,-624.2E-9,74.99E-9,-666.8E-9,74.97E-9,-931.3E-9,74.96E-9,489.3E-9,75.05E-9,-207.3E-9,74.94E-9,4.386E-6,75.04E-9,-239.3E-9,74.99E-9,-1.286E-6,74.95E-9,1.409E-6,74.96E-9,-2.306E-6,74.95E-9,1.144E-6,74.94E-9,5.104E-6,70.11E-9,219.4E-9
 , ,77.26E-9,-3.501E-9,76.34E-9,-6.440E-9,75.31E-9,-27.81E-9,75.22E-9,-51.99E-9,74.98E-9,-454.2E-9,74.96E-9,-628.2E-9,75.03E-9,-524.9E-9,74.97E-9,-903.4E-9,74.96E-9,-1.151E-6,75.07E-9,-84.06E-9,74.95E-9,1.928E-6,75.05E-9,-122.2E-9,75.01E-9,-812.5E-9,74.96E-9,2.267E-6,74.96E-9,-2.255E-6,74.96E-9,2.607E-6,74.95E-9,343.2E-9,71.71E-9,-221.6E-9
 , ,77.73E-9,-2.345E-9,76.68E-9,-501.4E-12,75.37E-9,-25.78E-9,75.24E-9,-17.45E-9,74.99E-9,-412.5E-9,74.97E-9,-607.1E-9,75.06E-9,-288.3E-9,74.99E-9,-836.8E-9,74.96E-9,-1.130E-6,75.08E-9,-61.05E-9,74.96E-9,1.298E-6,75.06E-9,-72.37E-9,75.02E-9,-489.8E-9,74.96E-9,-476.3E-9,74.97E-9,-2.216E-6,74.96E-9,-925.2E-9,74.95E-9,2.607E-6,73.31E-9,219.4E-9
 , ,78.48E-9,-3.494E-9,77.30E-9,-6.442E-9,75.42E-9,-3.162E-9,75.28E-9,-26.82E-9,75.03E-9,-381.4E-9,74.97E-9,-600.9E-9,75.08E-9,-163.8E-9,75.01E-9,-695.5E-9,74.97E-9,-1.118E-6,75.10E-9,-21.39E-9,74.96E-9,627.7E-9,75.08E-9,-38.65E-9,75.03E-9,-266.8E-9,74.96E-9,-2.123E-6,74.97E-9,-2.126E-6,74.96E-9,-2.511E-6,74.96E-9,874.4E-9,74.12E-9,-221.6E-9
 , ,79.24E-9,-2.346E-9,78.54E-9,-501.4E-12,75.48E-9,-13.83E-9,75.32E-9,1.746E-9,75.06E-9,-303.9E-9,74.99E-9,-560.1E-9,75.11E-9,-57.97E-9,75.04E-9,-408.6E-9,74.97E-9,-1.084E-6,75.12E-9,-27.84E-9,74.96E-9,-1.534E-6,75.09E-9,-28.49E-9,75.04E-9,-153.2E-9,74.96E-9,-2.084E-6,74.98E-9,-1.943E-6,74.96E-9,-2.463E-6,74.96E-9,424.7E-9,74.93E-9,219.4E-9
 , ,80.00E-9,-3.494E-9,80.00E-9,-6.442E-9,75.55E-9,2.104E-9,75.38E-9,-17.69E-9,75.09E-9,-225.6E-9,75.01E-9,-513.6E-9,75.13E-9,-40.42E-9,75.06E-9,-230.7E-9,74.98E-9,-1.031E-6,75.15E-9,-5.992E-9,74.96E-9,-1.511E-6,75.12E-9,-17.80E-9,75.05E-9,-79.36E-9,74.96E-9,-2.069E-6,74.99E-9,-1.387E-6,74.96E-9,-2.443E-6,74.96E-9,-2.719E-6,74.94E-9,5.214E-6
 , , , , , ,75.64E-9,-11.38E-9,75.44E-9,6.155E-9,75.12E-9,-112.7E-9,75.04E-9,-418.5E-9,75.15E-9,-13.62E-9,75.08E-9,-106.8E-9,75.00E-9,-905.4E-9,75.18E-9,-21.89E-9,74.96E-9,-1.501E-6,75.15E-9,-20.68E-9,75.07E-9,-52.70E-9,74.97E-9,-2.009E-6,75.00E-9,-863.4E-9,74.97E-9,-2.367E-6,74.96E-9,-2.679E-6,74.94E-9,4.634E-6
 , , , , , ,75.76E-9,2.946E-9,75.52E-9,-16.28E-9,75.16E-9,-68.92E-9,75.06E-9,-300.2E-9,75.18E-9,-18.68E-9,75.10E-9,-54.56E-9,75.01E-9,-729.7E-9,75.23E-9,-4.633E-9,74.97E-9,-1.465E-6,75.19E-9,-15.93E-9,75.09E-9,-26.68E-9,74.97E-9,-1.919E-6,75.01E-9,-521.7E-9,74.97E-9,-2.249E-6,74.96E-9,-2.653E-6,74.95E-9,1.293E-6
 , , , , , ,75.93E-9,-11.19E-9,75.64E-9,6.496E-9,75.19E-9,-19.49E-9,75.09E-9,-161.2E-9,75.21E-9,-3.114E-9,75.12E-9,-29.89E-9,75.03E-9,-431.9E-9,75.31E-9,-21.77E-9,74.97E-9,-1.411E-6,75.26E-9,-20.52E-9,75.11E-9,-27.98E-9,74.98E-9,-1.675E-6,75.02E-9,-293.2E-9,74.98E-9,-1.896E-6,74.97E-9,-2.586E-6,74.95E-9,113.9E-9
 , , , , , ,76.23E-9,2.951E-9,75.85E-9,-16.26E-9,75.22E-9,-25.30E-9,75.12E-9,-91.18E-9,75.26E-9,-14.28E-9,75.14E-9,-18.67E-9,75.05E-9,-263.8E-9,75.47E-9,-4.653E-9,74.98E-9,-1.284E-6,75.40E-9,-15.94E-9,75.13E-9,-17.38E-9,75.00E-9,-1.157E-6,75.03E-9,-184.6E-9,74.99E-9,-1.302E-6,74.97E-9,-2.466E-6,74.96E-9,3.162E-6
 , , , , , ,76.82E-9,-11.19E-9,76.25E-9,6.493E-9,75.26E-9,-1.102E-9,75.14E-9,-33.78E-9,75.32E-9,-1.978E-9,75.17E-9,-11.62E-9,75.06E-9,-148.1E-9,75.80E-9,-21.76E-9,75.00E-9,-1.077E-6,75.67E-9,-20.52E-9,75.17E-9,-25.60E-9,75.01E-9,-695.3E-9,75.05E-9,-85.93E-9,75.00E-9,-795.7E-9,74.98E-9,-2.155E-6,74.96E-9,-1.444E-6
 , , , , , ,78.01E-9,2.952E-9,77.05E-9,-16.26E-9,75.30E-9,-16.03E-9,75.17E-9,-29.42E-9,75.43E-9,-14.16E-9,75.20E-9,-10.56E-9,75.08E-9,-87.66E-9,76.44E-9,-4.655E-9,75.01E-9,-675.3E-9,76.22E-9,-15.95E-9,75.24E-9,-17.15E-9,75.02E-9,-412.4E-9,75.06E-9,-71.17E-9,75.02E-9,-448.2E-9,74.99E-9,-1.511E-6,74.96E-9,-2.920E-6
 , , , , , ,79.01E-9,-11.19E-9,78.64E-9,6.492E-9,75.35E-9,2.899E-9,75.20E-9,-6.887E-9,75.62E-9,-1.992E-9,75.25E-9,-8.957E-9,75.09E-9,-40.38E-9,77.72E-9,-21.76E-9,75.03E-9,-414.3E-9,77.33E-9,-20.52E-9,75.36E-9,-25.62E-9,75.03E-9,-165.6E-9,75.07E-9,-26.65E-9,75.03E-9,-215.4E-9,75.00E-9,-935.6E-9,74.96E-9,-2.859E-6
 , , , , , ,80.00E-9,2.952E-9,80.00E-9,-16.26E-9,75.43E-9,-14.69E-9,75.23E-9,-15.60E-9,76.00E-9,-14.16E-9,75.32E-9,-10.09E-9,75.11E-9,-30.89E-9,78.86E-9,-4.656E-9,75.04E-9,-182.9E-9,78.93E-9,-15.95E-9,75.60E-9,-17.15E-9,75.05E-9,-123.2E-9,75.09E-9,-44.25E-9,75.04E-9,-145.7E-9,75.01E-9,-558.6E-9,74.96E-9,-2.830E-6
 , , , , , , , , , ,75.55E-9,3.121E-9,75.27E-9,-715.5E-12,76.77E-9,-1.993E-9,75.45E-9,-8.954E-9,75.14E-9,-10.89E-9,80.00E-9,-21.76E-9,75.06E-9,-103.6E-9,80.00E-9,-20.52E-9,76.09E-9,-25.62E-9,75.06E-9,-43.19E-9,75.12E-9,-16.90E-9,75.05E-9,-64.88E-9,75.02E-9,-248.3E-9,74.97E-9,-2.731E-6
 , , , , , , , , , ,75.74E-9,-14.69E-9,75.33E-9,-13.40E-9,78.31E-9,-14.16E-9,75.70E-9,-10.10E-9,75.16E-9,-17.59E-9, , ,75.07E-9,-51.14E-9, , ,77.07E-9,-17.15E-9,75.07E-9,-56.72E-9,75.16E-9,-41.90E-9,75.06E-9,-64.81E-9,75.03E-9,-174.9E-9,74.97E-9,-2.566E-6
 , , , , , , , , , ,76.14E-9,3.119E-9,75.42E-9,-286.8E-12,79.15E-9,-1.993E-9,76.20E-9,-8.953E-9,75.20E-9,-6.058E-9, , ,75.09E-9,-37.07E-9, , ,78.67E-9,-25.62E-9,75.09E-9,-11.24E-9,75.22E-9,-16.73E-9,75.08E-9,-25.30E-9,75.04E-9,-73.99E-9,74.98E-9,-2.029E-6
 , , , , , , , , , ,76.93E-9,-14.68E-9,75.57E-9,-13.38E-9,80.00E-9,-14.16E-9,77.20E-9,-10.10E-9,75.26E-9,-16.46E-9, , ,75.11E-9,-17.00E-9, , ,80.00E-9,-17.15E-9,75.12E-9,-43.12E-9,75.34E-9,-41.92E-9,75.10E-9,-48.50E-9,75.06E-9,-79.84E-9,74.99E-9,-1.347E-6
 , , , , , , , , , ,78.51E-9,3.118E-9,75.87E-9,-292.3E-12, , ,78.80E-9,-8.953E-9,75.35E-9,-5.975E-9, , ,75.13E-9,-20.99E-9, , , , ,75.15E-9,-7.517E-9,75.59E-9,-16.73E-9,75.13E-9,-20.70E-9,75.07E-9,-27.43E-9,75.00E-9,-835.6E-9
 , , , , , , , , , ,80.00E-9,-14.68E-9,76.45E-9,-13.38E-9, , ,80.00E-9,-10.10E-9,75.53E-9,-16.47E-9, , ,75.17E-9,-11.35E-9, , , , ,75.21E-9,-42.56E-9,76.07E-9,-41.92E-9,75.18E-9,-47.83E-9,75.09E-9,-59.60E-9,75.01E-9,-480.3E-9
 , , , , , , , , , , , ,77.63E-9,-292.8E-12, , , , ,75.90E-9,-5.974E-9, , ,75.22E-9,-19.76E-9, , , , ,75.30E-9,-7.557E-9,77.05E-9,-16.74E-9,75.27E-9,-20.73E-9,75.12E-9,-21.45E-9,75.02E-9,-270.6E-9
 , , , , , , , , , , , ,78.82E-9,-13.38E-9, , , , ,76.63E-9,-16.47E-9, , ,75.30E-9,-11.29E-9, , , , ,75.50E-9,-42.55E-9,78.65E-9,-41.92E-9,75.45E-9,-47.83E-9,75.17E-9,-58.57E-9,75.03E-9,-158.0E-9
 , , , , , , , , , , , ,80.00E-9,-293.1E-12, , , , ,78.08E-9,-5.974E-9, , ,75.47E-9,-19.77E-9, , , , ,75.88E-9,-7.561E-9,80.00E-9,-16.74E-9,75.80E-9,-20.74E-9,75.24E-9,-21.48E-9,75.04E-9,-97.19E-9
 , , , , , , , , , , , , , , , , , ,79.04E-9,-16.47E-9, , ,75.80E-9,-11.29E-9, , , , ,76.66E-9,-42.55E-9, , ,76.50E-9,-47.82E-9,75.40E-9,-58.57E-9,75.06E-9,-64.91E-9
 , , , , , , , , , , , , , , , , , ,80.00E-9,-5.974E-9, , ,76.46E-9,-19.77E-9, , , , ,78.20E-9,-7.562E-9, , ,77.91E-9,-20.74E-9,75.71E-9,-21.49E-9,75.07E-9,-52.22E-9
 , , , , , , , , , , , , , , , , , , , , , ,77.78E-9,-11.29E-9, , , , ,79.10E-9,-42.55E-9, , ,78.96E-9,-47.82E-9,76.33E-9,-58.57E-9,75.09E-9,-46.87E-9
 , , , , , , , , , , , , , , , , , , , , , ,78.89E-9,-19.77E-9, , , , ,80.00E-9,-7.563E-9, , ,80.00E-9,-20.74E-9,77.56E-9,-21.49E-9,75.12E-9,-47.14E-9
 , , , , , , , , , , , , , , , , , , , , , ,80.00E-9,-11.29E-9, , , , , , , , , , ,78.78E-9,-58.57E-9,75.17E-9,-46.19E-9
 , , , , , , , , , , , , , , , , , , , , , , , , , , , , , , , , , ,80.00E-9,-21.49E-9,75.26E-9,-47.17E-9
 , , , , , , , , , , , , , , , , , , , , , , , , , , , , , , , , , , , ,75.43E-9,-46.19E-9
 , , , , , , , , , , , , , , , , , , , , , , , , , , , , , , , , , , , ,75.76E-9,-47.17E-9
 , , , , , , , , , , , , , , , , , , , , , , , , , , , , , , , , , , , ,76.44E-9,-46.20E-9
 , , , , , , , , , , , , , , , , , , , , , , , , , , , , , , , , , , , ,77.80E-9,-47.17E-9
 , , , , , , , , , , , , , , , , , , , , , , , , , , , , , , , , , , , ,78.90E-9,-46.20E-9
 , , , , , , , , , , , , , , , , , , , , , , , , , , , , , , , , , , , ,80.00E-9,-47.17E-9
